,Number,Gender,NameSet,Title,GivenName,MiddleInitial,Surname,StreetAddress,City,State,StateFull,ZipCode,Country,CountryFull,EmailAddress,Username,Password,BrowserUserAgent,TelephoneNumber,TelephoneCountryCode,MothersMaiden,Birthday,Age,TropicalZodiac,CCType,CCNumber,CVV2,CCExpires,NationalID,UPS,WesternUnionMTCN,MoneyGramMTCN,Color,Occupation,Company,Vehicle,Domain,BloodType,Pounds,Kilograms,FeetInches,Centimeters,GUID,Latitude,Longitude
23,24,female,England/Wales,Ms.,Charlie,S,Campbell,Rue du Château 414,Limont,WLG,Liège,4357,BE,Belgium,CharlieCampbell@gustr.com,Lithatinquir,Kae4aetah,"Mozilla/5.0 (Windows NT 10.0; Win64; x64) AppleWebKit/537.36 (KHTML, like Gecko) Chrome/74.0.3729.157 Safari/537.36",0489 33 97 26,32,Tucker,10/16/1987,32,Libra,MasterCard,5268537479220623,72,1/2023,,1Z 3V4 354 38 1677 342 8,119239854,24858321,Purple,Dry-cleaning worker,Red Robin Stores,2004 Audi S4,PinkCheek.be,O+,119.5,54.3,"5' 8""",173,f3a846e6-ec1c-4ccc-bf51-f66bb64ff559,50.616062,5.247283
26,27,male,England/Wales,Mr.,Jonathan,A,Conway,Rua Doutor Afrânio Junqueira 1460,São Paulo,SP,São Paulo,04581-040,BR,Brazil,JonathanConway@jourrapide.com,Bessed,Egaez2Vuo,Mozilla/5.0 (Windows NT 10.0; WOW64; Trident/7.0; rv:11.0) like Gecko,(11) 7113-8192,55,Humphries,1/20/1938,81,Aquarius,Visa,4916317241919037,680,3/2023,308.271.618-08,1Z 02V 42E 21 2992 331 4,3494650897,26033304,Blue,Electrical drafter,Pro Yard Services,2006 Dodge Caravan,AidsRate.com.br,B+,170.9,77.7,"6' 0""",183,0eb93cfe-1260-4caa-99d5-e0f31f73b1e9,-23.594567,-46.709971
62,63,female,England/Wales,Mrs.,Megan,T,Swift,Postbox 23,Maniitsoq,QE,Qeqqata,3912,GL,Greenland,MeganSwift@teleworm.us,Thersevere,ieGh5huoK6,Mozilla/5.0 (Macintosh; Intel Mac OS X 10.14; rv:66.0) Gecko/20100101 Firefox/66.0,81 32 04,299,Poole,4/30/1964,55,Taurus,Visa,4929574688538812,336,4/2024,,1Z E38 W63 04 0063 263 0,6213800707,38860322,Green,Support service manager,Little Folk Shops,2007 Chevrolet Optra,MontereySea.gl,B+,168.7,76.7,"5' 4""",163,394b47d6-e3cb-4869-b4b5-c42a81ef9b00,65.395922,-52.878832
74,75,female,England/Wales,Mrs.,Grace,G,Boyle,62 Mavrokordatou Street,Foinikaria,LI,Limassol,4530,CY,Cyprus (Anglicized),GraceBoyle@einrot.com,Fortat81,cahBoot3eH,Mozilla/5.0 (X11; Linux x86_64; rv:66.0) Gecko/20100101 Firefox/66.0,25 880993,357,Thompson,9/27/1981,38,Libra,MasterCard,5597431608392937,582,5/2021,,1Z 791 957 61 6161 657 2,2596874442,13926446,Blue,Forensic technician,id Boutiques,1993 Bristol Beaufighter,BayNeck.com.cy,AB+,181.7,82.6,"5' 8""",173,149314e4-80a7-493a-8ece-9b6f0890fd5d,41.321303,-72.986114
75,76,female,England/Wales,Ms.,Naomi,S,Ryan,Λ. Μιχαλακοπούλου 160,ΕΓΚΩΜΗ,NI,Λευκωσία,2417,CY,Cyprus (Greek),NaomiRyan@rhyta.com,Fien1988,Gaitha4Ei,"Mozilla/5.0 (Macintosh; Intel Mac OS X 10_14_4) AppleWebKit/537.36 (KHTML, like Gecko) Chrome/73.0.3683.103 Safari/537.36",22 498317,357,Clayton,11/21/1988,31,Scorpio,MasterCard,5283115033422307,714,12/2023,,1Z 587 192 06 3768 866 1,7494134303,25065703,Blue,Sewer pipe cleaner,Monk Real Estate Service,1995 BMW Dinan,MobLag.com.cy,O+,205.0,93.2,"5' 2""",158,65219a9f-2c32-459a-98d2-7a7332e0f52f,41.385016,-72.962431
86,87,male,England/Wales,Mr.,Zak,M,Leonard,27 Stroud Rd,OCHTERTYRE,,,PH7 6LF,GB,United Kingdom,ZakLeonard@fleckens.hu,Surn1940,ohteeF5RaeM,"Mozilla/5.0 (Windows NT 10.0; Win64; x64) AppleWebKit/537.36 (KHTML, like Gecko) Chrome/74.0.3729.131 Safari/537.36",078 3687 4061,44,Henry,4/4/1940,79,Aries,MasterCard,5336964062411492,178,11/2023,KY 97 49 93 A,1Z 77F 43A 87 5585 068 2,5973298171,66698464,Blue,Heat treating equipment tender,The Independent Planners,1996 Mitsubishi Verada,HumorVids.co.uk,O+,221.1,100.5,"5' 7""",171,d667dde7-082e-4480-98d9-5bdd383eb187,56.07981,-4.643057
92,93,female,England/Wales,Ms.,Elise,C,Pearson,215 Andrew Street,Monaco,,Nelson,7011,NZ,New Zealand,ElisePearson@rhyta.com,Norly1997,eeNgoes7aez,Mozilla/5.0 (Windows NT 10.0; WOW64; rv:66.0) Gecko/20100101 Firefox/66.0,(027) 7329-039,64,Wilson,5/12/1997,22,Taurus,Visa,4929452838531450,902,4/2022,,1Z 245 516 58 7073 695 7,9911299106,38307168,Blue,Activity specialist,The Independent Planners,1995 Nissan President,USFirm.co.nz,O+,162.1,73.7,"5' 9""",175,962cba25-bb3d-4b3b-8aca-e4689ee69dd5,-41.333626,173.307741
97,98,male,England/Wales,Mr.,John,K,Carpenter,Tavcarjeva 22,Senovo,,,8281,SI,Slovenia,JohnCarpenter@dayrep.com,Foris1988,el6xoh7Qu,Mozilla/5.0 (Macintosh; Intel Mac OS X 10.14; rv:66.0) Gecko/20100101 Firefox/66.0,070-783-977,386,Wheeler,1/10/1988,31,Capricorn,MasterCard,5174982341006037,269,3/2020,,1Z E95 341 79 8897 978 9,309942560,54166967,Blue,Marketing coordinator,Balanced Fortune,1992 Mazda AZ-1,KeywordAlbum.si,O+,226.4,102.9,"5' 8""",173,d2754fd9-f1c9-47cd-b6e1-7c8d5c0eec30,46.102339,15.464625
103,104,female,England/Wales,Ms.,Jasmine,D,Ingram,Ybbsstrasse 12,RABENFURT,OO,Upper Austria,4972,AT,Austria,JasmineIngram@teleworm.us,Dirld1935,daiFeciech1o,Mozilla/5.0 (Windows NT 10.0; Win64; x64; rv:66.0) Gecko/20100101 Firefox/66.0,0681 664 48 54,43,Oliver,12/14/1935,84,Sagittarius,Visa,4929491618931167,787,2/2023,,1Z 396 8E4 91 4316 856 4,5529872048,56321626,Purple,Travel clerk,Parklane Hosiery,2005 Volkswagen New Beetle,BondedCompany.at,O+,165.9,75.4,"5' 1""",154,d6aff942-f300-4ace-9721-67b0587c02db,48.200013,13.418656
119,120,male,England/Wales,Mr.,Liam,G,Watkins,Λεωφόρος Πανεπιστημίου 219,ΚΙΑ∆ΟΣ,FA,Αμμόχωστος,5654,CY,Cyprus (Greek),LiamWatkins@teleworm.us,Himmors,Phu9eipai,"Mozilla/5.0 (Macintosh; Intel Mac OS X 10_14_4) AppleWebKit/605.1.15 (KHTML, like Gecko) Version/12.1 Safari/605.1.15",23 577413,357,Lees,6/13/1946,73,Gemini,Visa,4716181803443188,312,3/2020,,1Z 9F7 3E5 93 1921 680 4,4881540018,83900387,Orange,Network administrator,Griff's Hamburgers,1994 Alpina B6,RefurbishedAutos.com.cy,AB+,197.6,89.8,"5' 10""",178,a5eb3183-09a3-427d-a7c3-693c6233025c,41.309869,-72.878301
121,122,female,England/Wales,Mrs.,Lily,L,Bennett,Canónigo Valiño 70,Almussafes,V,Valencia,46440,ES,Spain,LilyBennett@cuvox.de,Steris,Iehieki5,"Mozilla/5.0 (Windows NT 10.0; Win64; x64) AppleWebKit/537.36 (KHTML, like Gecko) Chrome/74.0.3729.157 Safari/537.36",649 994 770,34,Stewart,8/24/1987,32,Virgo,MasterCard,5345373645531991,393,3/2023,,1Z 708 406 13 5178 131 1,6247873404,24051970,Orange,Fiscal and policy analyst,Mr. Good Buys,2002 Alfa Romeo Sportwagon,StellarListings.es,B+,148.7,67.6,"5' 6""",167,85462714-13da-41cf-9e84-19648fa9e015,39.226868,-0.408835
150,151,male,England/Wales,Mr.,Daniel,S,Payne,48 rue Descartes,STRASBOURG,AL,Alsace,67000,FR,France,DanielPayne@einrot.com,Antiont1945,ooB4oudaizoh,Mozilla/5.0 (Windows NT 10.0; Win64; x64; rv:66.0) Gecko/20100101 Firefox/66.0,03.41.34.63.79,33,Harrison,10/26/1945,74,Scorpio,Visa,4916760273614036,976,12/2020,1451089005520 70,1Z E43 401 74 7383 129 1,3744927314,69446452,Red,Personnel consultant,Security Sporting Goods,2003 Ford Expedition,CarWashShow.fr,O-,191.2,86.9,"6' 0""",183,7ff07222-3405-4cc9-b127-c5d1f132d292,48.491128,7.791439
151,152,female,England/Wales,Ms.,Emily,A,Akhtar,3585 Galts Ave,Red Deer,AB,Alberta,T4N 2A6,CA,Canada,EmilyAkhtar@fleckens.hu,Gerentow1934,Oot4ief6t,Mozilla/5.0 (Windows NT 6.1; WOW64; Trident/7.0; rv:11.0) like Gecko,403-358-2826,1,Dean,9/16/1934,85,Virgo,Visa,4556884798485816,863,4/2020,165 737 255,1Z 393 096 84 3413 556 1,9621030670,13794356,Green,Paralegal,Ukrop's Super Market,2008 Porsche Cayman,ToyArticles.ca,O-,140.6,63.9,"4' 11""",150,55ce81dc-a297-424d-8658-5d7375fcb16c,52.347118,-113.866145
162,163,female,England/Wales,Ms.,Lily,J,Hill,15 Clasper Way,HIGH BROOMS,,,TN4 7WG,GB,United Kingdom,LilyHill@rhyta.com,Falmyst,caf5Do3eim4,"Mozilla/5.0 (Windows NT 10.0; Win64; x64) AppleWebKit/537.36 (KHTML, like Gecko) Chrome/74.0.3729.131 Safari/537.36",077 0987 7032,44,Hope,4/3/1965,54,Aries,MasterCard,5129979326485406,58,11/2023,EX 11 15 41 D,1Z 458 423 30 8610 347 2,7824883952,23752648,Green,Real estate closer,Metro,1998 Ford Libre,ConnectionCreators.co.uk,B+,216.5,98.4,"5' 8""",173,98754de4-0acc-4e4a-9940-fe69c9239202,51.183519,0.208864
174,175,male,England/Wales,Mr.,Alexander,L,Dale,63 Moulton Road,GWYDDGRUG,,,SA39 2RH,GB,United Kingdom,AlexanderDale@rhyta.com,Dalmor,Ua9laecie,Mozilla/5.0 (Windows NT 10.0; WOW64; Trident/7.0; rv:11.0) like Gecko,079 3398 9140,44,Woods,11/5/1939,80,Scorpio,MasterCard,5268057276661804,970,7/2023,SG 65 48 80 B,1Z 5F4 28E 68 1959 416 5,4178364245,62639696,Orange,Veterinary technician,Singer Lumber,2009 Daewoo Kalos,BlogSelections.co.uk,O+,138.6,63.0,"5' 4""",163,4840b713-c613-46d2-8bb8-d9b6ca002125,51.920922,-3.934661
201,202,male,England/Wales,Mr.,Edward,E,Ahmed,Pihlaka 53,Sõgula,HA,Harjumaa,75410,EE,Estonia,EdwardAhmed@rhyta.com,Losead,Ohc1aGh9gul,Mozilla/5.0 (Windows NT 6.3; Win64; x64; rv:66.0) Gecko/20100101 Firefox/66.0,614 5454,372,Hayes,4/19/1989,30,Aries,Visa,4716132809967225,725,5/2022,,1Z 433 950 96 2193 654 9,6878973210,45398277,Blue,Agricultural engineer,Wealth Zone Group,2001 Proton Saloon,ResumeQuery.com.ee,B+,160.4,72.9,"5' 6""",168,1cdc2354-8c03-4f16-bcaf-3feff06e348a,59.209451,24.873535
236,237,female,England/Wales,Mrs.,Megan,C,Carey,Via Tasso 129,Riosecco,PG,Perugia,06012,IT,Italy,MeganCarey@teleworm.us,Gagarrour,Lahj9Aik8,Mozilla/5.0 (X11; Ubuntu; Linux x86_64; rv:66.0) Gecko/20100101 Firefox/66.0,0341 8387176,39,Bradley,8/1/1995,24,Leo,Visa,4539391268314858,160,7/2020,EI12563330,1Z 667 77V 05 3970 824 9,5172760656,16339807,Red,Human resources information system specialist,Magna Gases,2003 Toyota Corolla,VentureShark.it,O+,144.8,65.8,"5' 7""",171,d9a94535-38c9-40c5-9341-18a2a0f8f870,43.53361,12.274952
245,246,female,England/Wales,Ms.,Tilly,G,Rowe,Brisas 6802,María Albina,TT,Treinta y Tres,30302,UY,Uruguay,TillyRowe@superrito.com,Kerd1942,ai7eJoo3ahKie,"Mozilla/5.0 (Windows NT 10.0; Win64; x64) AppleWebKit/537.36 (KHTML, like Gecko) Chrome/72.0.3626.121 Safari/537.36",9990 0927,598,Glover,4/22/1942,77,Taurus,Visa,4532922622653818,111,11/2021,,1Z 920 06F 99 7443 368 9,4146142568,28837812,Blue,Nail care technician,Good Times,2012 Audi S4,ShowFever.uy,A+,109.8,49.9,"4' 11""",150,57add1d8-cd82-4831-9605-da9cec23a984,-33.425855,-54.604834
247,248,female,England/Wales,Ms.,Sienna,A,Conway,104 Machiton Scholis Chorophilakis,Limassol,LI,Limassol,3076,CY,Cyprus (Anglicized),SiennaConway@einrot.com,Frecouldess,nooNg3Loo,"Mozilla/5.0 (Macintosh; Intel Mac OS X 10_14) AppleWebKit/605.1.15 (KHTML, like Gecko) Version/12.0 Safari/605.1.15",25 637025,357,Walker,6/21/1970,49,Cancer,MasterCard,5423449743377209,203,3/2024,,1Z 631 6F0 42 9901 357 1,9275915454,83073918,Blue,Public relations consultant,John M. Smyth's Homemakers,2011 Lexus HS,BedroomRental.com.cy,O+,162.8,74.0,"5' 8""",173,35379b6a-d47e-4f95-882a-1898ab1ef8a9,41.26569,-72.896895
251,252,female,England/Wales,Mrs.,Tilly,J,Nicholson,Μεγάλη Άμμος 184,ΠΑΦΟΣ,PA,Πάφος,8104,CY,Cyprus (Greek),TillyNicholson@jourrapide.com,Havilly47,ao8Phohth4T,"Mozilla/5.0 (Windows NT 10.0; Win64; x64) AppleWebKit/537.36 (KHTML, like Gecko) Chrome/74.0.3729.108 Safari/537.36",26 670369,357,Powell,11/29/1947,72,Sagittarius,Visa,4929439348006149,656,1/2020,,1Z 146 0E0 15 2019 592 7,8785088204,55687816,Blue,Postmaster,Rack N Sack,2014 Nissan Cube,BoardConference.com.cy,O-,184.6,83.9,"5' 7""",169,5ac166aa-1e6f-4b01-8751-f1575c61b9a2,41.391764,-72.885075
270,271,female,England/Wales,Ms.,Elizabeth,C,Hanson,Mellemstræde 74,Vordingborg,SJ,Region Sjælland,4760,DK,Denmark,ElizabethHanson@dayrep.com,Testim,Zieng0Onoa,"Mozilla/5.0 (Windows NT 10.0; Win64; x64) AppleWebKit/537.36 (KHTML, like Gecko) Chrome/74.0.3729.157 Safari/537.36",20-32-85-26,45,Knight,1/11/1987,32,Capricorn,MasterCard,5266654288901327,364,9/2022,110187-2234,1Z 913 7V5 40 3409 042 2,5701677520,21692361,Black,Industrial engineer,Exact Solutions,2000 Dodge Neon,FindMilk.dk,O+,216.3,98.3,"5' 9""",174,1f92bdc7-a175-403a-9a76-b2144b96c3ad,54.91676,11.820687
274,275,male,England/Wales,Mr.,Zachary,L,Jordan,Republica de Chile 8305,Blanquillo,DU,Durazno,97002,UY,Uruguay,ZacharyJordan@rhyta.com,Grous1934,tah6eeGu,Mozilla/5.0 (Windows NT 6.1; rv:60.0) Gecko/20100101 Firefox/60.0,9397 8822,598,Matthews,2/25/1934,85,Pisces,Visa,4556119422998243,774,11/2021,,1Z 878 Y38 55 5016 039 4,4448141894,6403641,Blue,Group exercise instructor,Home Quarters Warehouse,2010 Nissan Tiida,KnowRentals.uy,B+,200.0,90.9,"5' 5""",166,963e0d0c-d720-4214-b87e-bf3f15874d74,-32.829032,-55.565306
285,286,female,England/Wales,Ms.,Amelie,D,Austin,Bygget 64,RYSSBY,,,340 16,SE,Sweden,AmelieAustin@armyspy.com,Conevesses1999,No1wohmeB,"Mozilla/5.0 (Windows NT 10.0; Win64; x64) AppleWebKit/537.36 (KHTML, like Gecko) Chrome/64.0.3282.140 Safari/537.36 Edge/17.17134",0372-9610271,46,Clark,6/10/1999,20,Gemini,Visa,4556946687414437,501,4/2022,990610-7223,1Z W47 728 63 4052 840 5,5331898460,12195201,Purple,Operational meteorologist,Jacob Reed and Sons,2007 Chevrolet Aveo,SecuredTickets.se,A+,101.6,46.2,"5' 8""",172,8a45932e-9245-4672-97b3-9b0edd10af6a,56.820024,14.132673
297,298,male,England/Wales,Mr.,Owen,J,Turnbull,Lindemarkveien 141,ISE,,,1730,NO,Norway,OwenTurnbull@einrot.com,Depeoped,ooxaiPh0quie,"Mozilla/5.0 (Windows NT 10.0; Win64; x64) AppleWebKit/537.36 (KHTML, like Gecko) Chrome/74.0.3729.108 Safari/537.36",468 36 152,47,Nelson,6/9/1956,63,Gemini,MasterCard,5323146592923544,97,11/2024,,1Z 615 346 69 9142 784 7,5710177007,73751045,Blue,Chief executive,Netcom Business Services,2004 Seat Toledo,FundraisingSteps.no,A+,214.9,97.7,"5' 10""",178,2f8f9571-79cd-4aad-9565-18a33b040877,59.216201,11.30901
304,305,male,England/Wales,Mr.,Luke,I,Collins,97 Rue Sidi Bou said,Essoumrane,32,Governorate Jendouba,8173,TN,Tunisia,LukeCollins@gustr.com,Logre1972,ooBi5ibeeth,Mozilla/5.0 (Windows NT 10.0; Win64; x64; rv:66.0) Gecko/20100101 Firefox/66.0,78 356 803,216,Dixon,3/6/1972,47,Pisces,Visa,4929112882038766,369,10/2022,,1Z 58W 820 36 7753 682 1,9835201051,38512541,Blue,Music arranger,Netcom Business Services,2001 Ford Mondeo,NewportRanch.tn,AB+,167.2,76.0,"5' 10""",179,035dccf6-9bd8-4488-8e2c-5adea4dcb169,35.247342,10.652291
334,335,male,England/Wales,Mr.,Dylan,A,Willis,Piazza Rezzonico 20,Villette,,,1096,CH,Switzerland,DylanWillis@armyspy.com,Fiefultoothe,fe9Pah5icah,"Mozilla/5.0 (Windows NT 10.0; Win64; x64) AppleWebKit/537.36 (KHTML, like Gecko) Chrome/74.0.3729.157 Safari/537.36",021 694 58 60,41,Hayward,8/10/1988,31,Leo,MasterCard,5306821732958128,589,12/2023,,1Z V63 178 91 0704 911 6,2786179528,16686222,Blue,Simultaneous interpreter,Profitpros,1996 Daihatsu Domino,FoodDevelopers.ch,A+,169.2,76.9,"5' 10""",178,6dcee16f-1bc0-43bb-9c59-7d649e87da1a,46.544072,6.724321
340,341,male,England/Wales,Mr.,Adam,S,Harvey,Hochstrasse 63,Nebel,SH,Schleswig-Holstein,25947,DE,Germany,AdamHarvey@teleworm.us,Worposs,OhPhaef1jei,Mozilla/5.0 (Windows NT 10.0; WOW64; Trident/7.0; rv:11.0) like Gecko,04682 97 57 40,49,O'Neill,9/22/1988,31,Virgo,Visa,4556854831061767,922,4/2022,,1Z E21 670 01 0453 647 1,7030890997,23876061,Blue,Group exercise instructor,Capitalcorp,2003 Vauxhall Omega,CastForum.de,B+,176.4,80.2,"5' 6""",168,feac666c-f715-4264-ae5f-d0bf93788fd8,54.579251,8.395964
361,362,male,England/Wales,Mr.,Zak,P,Sanders,Ådalen 30,Frederiksberg C,SJ,Region Sjælland,1873,DK,Denmark,ZakSanders@einrot.com,Yousery,ifau0aiw2Ch,Mozilla/5.0 (Windows NT 6.1; WOW64; rv:66.0) Gecko/20100101 Firefox/66.0,25-23-76-22,45,Fox,11/28/1963,56,Sagittarius,MasterCard,5232616744491541,899,4/2020,281163-3545,1Z 403 0F6 03 3630 907 3,7018036412,9887142,Red,Water transportation mate,Auto Palace,2008 Land Rover Range Rover Sport,HitProtect.dk,A+,190.3,86.5,"5' 6""",167,b1ddee6b-4113-4cbd-bf8a-e363a257ce78,55.76775,12.465904
389,390,female,England/Wales,Ms.,Cerys,T,Holt,Τρικάλων 297,ΟΝΙΣΙΑ,KY,Κερύvεια,9547,CY,Cyprus (Greek),CerysHolt@gustr.com,Votisent,uph3Iewoa,"Mozilla/5.0 (Windows NT 6.1; Win64; x64) AppleWebKit/537.36 (KHTML, like Gecko) Chrome/74.0.3729.169 Safari/537.36",95 175756,357,Ahmed,1/12/1985,34,Capricorn,MasterCard,5435930439848930,534,3/2023,,1Z 049 684 83 6075 936 2,5034994482,58089534,Green,Dairy scientist,Kiddie City,1998 Eagle Vision,HeavenNews.com.cy,O-,147.6,67.1,"5' 2""",157,6d0d7133-eb1f-4f6f-a81a-a94211dbfd1d,41.355728,-72.939531
419,420,female,England/Wales,Mrs.,Brooke,N,Waters,Plattebaan 178,Schijf,NB,Noord-Brabant,4721 PB,NL,Netherlands,BrookeWaters@armyspy.com,Regatian,EeCood3aeng,"Mozilla/5.0 (Macintosh; Intel Mac OS X 10_14_4) AppleWebKit/605.1.15 (KHTML, like Gecko) Version/12.1 Safari/605.1.15",06-65334860,31,Henderson,11/12/1942,77,Scorpio,MasterCard,5582332398938078,898,7/2022,,1Z 401 3E6 96 5936 938 7,7939754179,32759057,White,Automotive body and related repairer,Exact Realty,2002 Proton Saloon,CarDumps.nl,B+,154.7,70.3,"5' 0""",153,d194ca44-374f-4e62-a8cd-7ca65c731196,51.535172,4.650511
435,436,male,England/Wales,Mr.,Patrick,I,Fry,Via Leopardi 83,Lirone,SO,Sondrio,23020,IT,Italy,PatrickFry@dayrep.com,Cleaskulty,eush2eY3ie,Mozilla/5.0 (X11; Linux x86_64; rv:66.0) Gecko/20100101 Firefox/66.0,0324 6522501,39,Barker,8/29/1972,47,Virgo,Visa,4539724252828964,472,7/2023,UE5695226,1Z 902 20E 57 9249 223 9,7199449008,44163035,Blue,Nuclear power reactor operator,Walt's IGA,1992 Mercedes-Benz 200,BrokenLung.it,A+,194.7,88.5,"5' 7""",170,a0bc772b-247f-4fcd-b555-80bddda18b8e,46.216581,9.45623
442,443,male,England/Wales,Mr.,Isaac,A,Heath,Ελευθερίου Βενιζέλου 101,ΑΓΙΟΣ ΑΜΒΡΟΣΙΟΣ,LI,Λεμεσός,4710,CY,Cyprus (Greek),IsaacHeath@teleworm.us,Alask1997,oog2Ohqu5ph,"Mozilla/5.0 (X11; Linux x86_64) AppleWebKit/537.36 (KHTML, like Gecko) Chrome/74.0.3729.131 Safari/537.36",96 569629,357,Barry,1/3/1997,22,Capricorn,MasterCard,5117746210649734,710,6/2021,,1Z 426 F19 40 7126 294 0,5463454224,52256241,Blue,Paleontologist,Odyssey Records & Tapes,1998 Nissan Primera,ManchesterLofts.com.cy,A+,198.0,90.0,"5' 9""",176,1d994538-83fd-4e0e-957b-ffce899387e9,41.271371,-72.985378
472,473,female,England/Wales,Mrs.,Jennifer,H,Metcalfe,Dunajska 56,Studenec,,,8293,SI,Slovenia,JenniferMetcalfe@teleworm.us,Zild1997,ahQuah0Iph,Mozilla/5.0 (Windows NT 10.0; Win64; x64; rv:60.0) Gecko/20100101 Firefox/60.0,031-863-411,386,Hall,1/7/1997,22,Capricorn,Visa,4539591008686172,72,2/2022,,1Z 910 786 50 3703 088 0,7806745793,93746178,Green,Ultrasound technologist,Funtown toys,2002 Suzuki Swift,MyBloggers.si,A+,175.6,79.8,"5' 5""",164,ba329422-4614-4986-85ac-43a5a9c40b58,46.005433,15.412433
482,483,female,England/Wales,Mrs.,Keira,D,Sims,3 Rue Hedi Nooman,Zeghabna,53,Governorate Mahdia,5160,TN,Tunisia,KeiraSims@cuvox.de,Cese1956,zie6Aelah,Mozilla/5.0 (Windows NT 10.0; Win64; x64; rv:66.0) Gecko/20100101 Firefox/66.0,73 627 280,216,Brooks,1/16/1956,63,Capricorn,Visa,4916705875386772,619,5/2023,,1Z 688 0F6 10 3989 031 9,5951953787,80984744,Blue,Teller supervisor,CSK Auto,2012 Audi S4,ParisBasketball.tn,A+,212.5,96.6,"5' 7""",171,046c05ce-c8ce-41d7-97c9-006a9bd965de,36.773924,10.108385
556,557,male,England/Wales,Mr.,Lucas,E,Barber,Purificacion 1076,Barra de Carrasco,CA,Canelones,15000,UY,Uruguay,LucasBarber@gustr.com,Thessell,daghoo3aePh,"Mozilla/5.0 (Windows NT 6.2; WOW64) AppleWebKit/537.36 (KHTML, like Gecko) Chrome/68.0.3440.106 Safari/537.36",9857 2582,598,Lawrence,9/22/1966,53,Virgo,MasterCard,5463959929310932,539,4/2021,,1Z 0A4 741 62 3281 074 8,7321904043,92905253,Blue,Taxi driver,Laura Ashley,2007 Citroen Xsara,TraderRating.uy,A-,230.8,104.9,"5' 11""",180,c174fe61-814f-40b8-9c94-2d4bb1e50380,-34.873141,-56.086803
564,565,male,England/Wales,Mr.,Charlie,Y,Vincent,Syrengården 68,SÄVE,,,420 14,SE,Sweden,CharlieVincent@fleckens.hu,Poneve,Sah9Jeith,Mozilla/5.0 (Windows NT 6.1; rv:60.0) Gecko/20100101 Firefox/60.0,0303-9302746,46,Power,5/14/1962,57,Taurus,MasterCard,5321472117719353,551,5/2024,620514-1457,1Z 989 782 19 2682 646 7,2515788469,73088750,Red,Hostler,Desmonds Formal Wear,1997 Lotec Testa de Oro,MarathonShow.se,O+,156.6,71.2,"6' 0""",182,43d998d0-b4ce-482b-b7c0-a7328e133593,57.770399,12.011961
582,583,male,England/Wales,Mr.,Isaac,I,Norton,9 rue des Nations Unies,SAINT-BRIEUC,BR,Bretagne,22000,FR,France,IsaacNorton@gustr.com,Whany1934,ShaiPo2yahsh,"Mozilla/5.0 (Windows NT 10.0; WOW64) AppleWebKit/537.36 (KHTML, like Gecko) Chrome/74.0.3729.131 Safari/537.36",02.08.70.26.99,33,Parkin,2/27/1934,85,Pisces,Visa,4539087551890253,638,4/2022,1340206911394 15,1Z A71 548 63 4057 662 7,254229327,49003627,Black,Recreation leader,Judy's,2007 Mazda B4000,SocialAdministrator.fr,A+,187.9,85.4,"5' 10""",177,25cf6a96-1b6d-4d1e-9130-2a78cae561b4,48.575678,-2.820888
602,603,male,England/Wales,Mr.,Thomas,K,Sanders,37 Rue de Libya,Bechka,61,Governorate Sfax,3020,TN,Tunisia,ThomasSanders@cuvox.de,Himeaugh,el2EiJie,Mozilla/5.0 (Macintosh; Intel Mac OS X 10.14; rv:66.0) Gecko/20100101 Firefox/66.0,74 572 545,216,Berry,4/28/1939,80,Taurus,Visa,4716811751937803,313,3/2021,,1Z 23E 010 36 1368 805 7,7230419797,87969630,Blue,HIV/AIDS nurse,Gino's Hamburgers,2014 Mazda MAZDA2,ConstructionTax.tn,O-,205.7,93.5,"5' 6""",167,2d0d80e6-0c10-4d2a-ad38-022c698e7639,36.914923,10.086693
610,611,female,England/Wales,Mrs.,Zoe,J,Young,2973 Marion Drive,Tampa,FL,Florida,33605,US,United States,ZoeYoung@armyspy.com,Ladjunybox,ewoowieL9ahv,"Mozilla/5.0 (Windows NT 10.0; Win64; x64) AppleWebKit/537.36 (KHTML, like Gecko) Chrome/74.0.3729.108 Safari/537.36",813-303-2051,1,Little,1/12/1974,45,Capricorn,MasterCard,5363495631148089,585,11/2022,262-71-4263,1Z 64V W77 16 4392 628 0,2674407949,97702396,Blue,Street vendor,Beaver Lumber,2005 Mercedes-Benz SL,icrowncustoms.com,A+,145.4,66.1,"5' 1""",155,6352268c-5ad0-476c-9488-e233693c66a9,28.015867,-82.354416
621,622,female,England/Wales,Mrs.,Sophia,T,Potter,244 Afroditis Street,Nicosia,NI,Nicosia,1027,CY,Cyprus (Anglicized),SophiaPotter@teleworm.us,Hictis,aiNg7see,"Mozilla/5.0 (Macintosh; Intel Mac OS X 10_13_6) AppleWebKit/605.1.15 (KHTML, like Gecko) Version/11.1.2 Safari/605.1.15",97 155350,357,Tomlinson,4/1/1969,50,Aries,MasterCard,5169858401071581,450,1/2020,,1Z 23A 135 41 1339 597 5,775448840,61461218,Orange,Construction cost estimator,McDuff,2010 Audi S6,ApartmentAid.com.cy,B+,142.3,64.7,"5' 6""",167,b7d9d10e-8280-42ca-bf23-d56f1202910f,41.23518,-72.863443
628,629,female,England/Wales,Ms.,Elizabeth,E,Briggs,Sjötullsgatan 39,ÅSBRO,,,690 45,SE,Sweden,ElizabethBriggs@rhyta.com,Mancitagage1943,Shaish7E,"Mozilla/5.0 (Windows NT 10.0; Win64; x64) AppleWebKit/537.36 (KHTML, like Gecko) Chrome/73.0.3683.103 Safari/537.36",0583-5072594,46,Clark,12/27/1943,76,Capricorn,Visa,4532480808343548,351,10/2021,431227-3925,1Z 3Y1 W42 95 8956 733 0,7459456063,71648973,Green,Courier,Total Serve,1998 Samsung SM,PodcastRanking.se,AB+,192.3,87.4,"4' 11""",150,7841eee0-da44-4783-9676-e89af58104c8,58.916651,14.954812
657,658,female,England/Wales,Ms.,Laura,A,Chan,Kooli 11,Soosalu,RA,Raplamaa,78119,EE,Estonia,LauraChan@cuvox.de,Proseet,yoo1Ahy8ah,"Mozilla/5.0 (Macintosh; Intel Mac OS X 10_14_4) AppleWebKit/537.36 (KHTML, like Gecko) Chrome/73.0.3683.86 Safari/537.36",486 9543,372,Todd,9/25/1957,62,Libra,Visa,4556292401653715,885,8/2024,,1Z 5V1 62E 63 1044 513 0,8494140536,59783989,Purple,Building inspector,Lum's,2010 Porsche Cayman,BusWorker.com.ee,B+,157.7,71.7,"5' 5""",166,797c0014-b4a4-4213-a64d-57f5a474fc7f,59.001132,24.27973
658,659,female,England/Wales,Ms.,Kiera,L,Moran,Postbox 158,Kangilinnguit,SM,Sermersooq,3930,GL,Greenland,KieraMoran@superrito.com,Conand,eigh4AhC,Mozilla/5.0 (Windows NT 10.0; Win64; x64; rv:66.0) Gecko/20100101 Firefox/66.0,34 13 74,299,Francis,9/19/1989,30,Virgo,MasterCard,5433503055837800,8,5/2023,,1Z 759 F60 20 6678 044 1,4238402063,79794937,Green,Bindery machine setter,Metro,2009 Daewoo Lacetti,DenimColor.gl,B+,202.6,92.1,"5' 1""",156,e2172005-2311-472b-be1d-246ebaef6621,61.147237,-47.993436
670,671,female,England/Wales,Mrs.,Amber,L,Walters,Mikkelenborgvej 76,København K,SJ,Region Sjælland,1370,DK,Denmark,AmberWalters@teleworm.us,Alre1974,aiKiy0voh,"Mozilla/5.0 (Macintosh; Intel Mac OS X 10_14_4) AppleWebKit/537.36 (KHTML, like Gecko) Chrome/74.0.3729.131 Safari/537.36",24-58-82-35,45,Johnston,8/3/1974,45,Leo,MasterCard,5330551997913357,178,7/2020,030874-2016,1Z 07W 93F 93 1032 142 0,243328514,58393790,Orange,Public safety dispatcher,Netstars Matrix Design,2006 Land Rover Range Rover,JounralMD.dk,O+,173.4,78.8,"5' 5""",164,e358fa72-f3bb-4bea-8e31-cbe9521ffeca,55.760717,12.486726
700,701,male,England/Wales,Mr.,Brandon,P,Giles,Sveltekrogen 55,København V,SJ,Region Sjælland,1562,DK,Denmark,BrandonGiles@teleworm.us,Flemen,oonahPah3uph,"Mozilla/5.0 (Windows NT 10.0; Win64; x64) AppleWebKit/537.36 (KHTML, like Gecko) Chrome/74.0.3729.131 Safari/537.36",24-51-01-78,45,Wallace,8/2/1977,42,Leo,MasterCard,5270977351095188,721,12/2021,020877-2635,1Z 787 04V 88 2383 953 9,2745354886,96043488,Blue,Purchasing manager,Benesome,2005 Mazda B2300,DomainerFinder.dk,O-,183.3,83.3,"6' 0""",184,86947ff3-266f-4187-83a5-f282c1e9af5f,55.730889,12.592499
701,702,female,England/Wales,Ms.,Anna,R,Shah,Metsa 49,Võlle,HA,Harjumaa,75109,EE,Estonia,AnnaShah@rhyta.com,Thopity59,Puaph8eiFu,Mozilla/5.0 (Windows NT 10.0; Win64; x64; rv:66.0) Gecko/20100101 Firefox/66.0,655 7936,372,Murphy,1/13/1959,60,Capricorn,Visa,4916468034014625,263,6/2020,,1Z 74A 20E 24 4995 013 6,6605524048,67828095,Purple,Market research analyst,Super Place,2008 Chrysler Pacifica,ThenWeb.com.ee,B+,113.7,51.7,"5' 2""",158,c9795445-d897-4504-b04b-70c104282f7a,59.277858,25.239795
726,727,female,England/Wales,Ms.,Keira,K,Craig,V Zahradách 505,Dehylov,MO,Moravskoslezský kraj,747 94,CZ,Czech Republic,KeiraCraig@fleckens.hu,Lorguir,ami1coo7X,"Mozilla/5.0 (Windows NT 10.0; Win64; x64) AppleWebKit/537.36 (KHTML, like Gecko) Chrome/74.0.3729.108 Safari/537.36",557 408 535,420,Coates,9/12/1983,36,Virgo,MasterCard,5418311523952931,615,2/2020,,1Z 78Y Y71 51 9728 994 2,989635393,38136397,Blue,Livestock farmer,Noodle Kidoodle,2010 Scion xD,TourCatalyst.cz,A+,212.1,96.4,"5' 4""",163,2972179b-4b64-4132-9358-f0a8f3ef1257,49.904685,18.236755
734,735,male,England/Wales,Mr.,Ewan,A,Dawson,Baross tér 36.,Izsófalva,BZ,Borsod-Abaúj-Zemplén,3742,HU,Hungary,EwanDawson@dayrep.com,Thereave,AichueYee2,"Mozilla/5.0 (Windows NT 6.1; Win64; x64) AppleWebKit/537.36 (KHTML, like Gecko) Chrome/73.0.3683.86 Safari/537.36",(48) 447-568,36,Hewitt,4/20/1971,48,Taurus,Visa,4556503345556784,116,9/2022,,1Z 244 737 28 7041 558 5,1422716142,19859855,Brown,Actuarie,Lechters Housewares,2006 Jaguar X-Type,RandomSearching.hu,AB+,180.0,81.8,"5' 7""",171,d4eee076-2f02-461c-be0c-d9fba0d94a45,48.352009,20.637918
768,769,female,England/Wales,Ms.,Katie,A,Robinson,P.O. Box 191,Kulusuk,SM,Sermersooq,3915,GL,Greenland,KatieRobinson@dayrep.com,Roich1997,hae6mohChu,Mozilla/5.0 (Windows NT 10.0; Win64; x64; rv:66.0) Gecko/20100101 Firefox/66.0,35 23 07,299,Reed,7/17/1997,22,Cancer,Visa,4929243856183088,725,7/2024,,1Z A45 2E5 44 3767 532 1,312325455,87415452,Green,Control room operator,Record & Tape Outlet,1998 Plymouth Pronto Spyder,AffordableScrapbook.gl,A+,185.5,84.3,"5' 4""",162,f14a09bb-c594-4ad5-a727-3b7ef475ceea,65.58786,-37.173577
775,776,male,England/Wales,Mr.,Liam,A,Ball,Slovenčeva 93,Fala,,,2343,SI,Slovenia,LiamBall@einrot.com,Pursho,eeSaV2aiba2,"Mozilla/5.0 (X11; Linux x86_64) AppleWebKit/537.36 (KHTML, like Gecko) Chrome/74.0.3729.131 Safari/537.36",070-716-349,386,Kent,2/28/1988,31,Pisces,MasterCard,5456595867583335,516,5/2021,,1Z 887 E22 46 4905 969 8,2006671367,32412197,Green,Gas furnace installer,Highland Appliance,2009 Holden Cruze,EquityStart.si,A+,223.1,101.4,"6' 0""",184,2534d1d8-3a2f-4d6c-bdd2-9cbc4cc23be4,46.479465,15.428255
780,781,female,England/Wales,Ms.,Eloise,L,McKenzie,46 rue Nationale,PARIS,IL,Île-de-France,75005,FR,France,EloiseMcKenzie@cuvox.de,Hatook,zaoch4Ilua,"Mozilla/5.0 (Windows NT 10.0; Win64; x64) AppleWebKit/537.36 (KHTML, like Gecko) Chrome/71.0.3578.98 Safari/537.36 OPR/58.0.3135.132",01.89.75.72.28,33,Wyatt,4/11/1969,50,Aries,Visa,4485022826922395,524,2/2023,2690441198898 84,1Z 993 77A 54 2077 732 2,5419832010,22394738,Blue,Legal secretary,McDade's,2009 Ford F-150,RentalVa.fr,B+,216.0,98.2,"5' 6""",168,9bab2168-3f84-45ea-9227-bfecf337ecc3,48.836468,2.408175
785,786,female,England/Wales,Ms.,Alexandra,B,Bradley,52 Essex Rd,TANYGRISIAU,,,LL41 7HE,GB,United Kingdom,AlexandraBradley@superrito.com,Millopeat,Iedohj2Ee,Mozilla/5.0 (Windows NT 6.1; WOW64; Trident/7.0; rv:11.0) like Gecko,079 8700 6807,44,Williamson,1/26/1945,74,Aquarius,Visa,4716868429197293,839,3/2023,GH 25 46 21 D,1Z 268 220 89 1305 458 6,6348290704,94076530,Blue,Director,Larry's Markets,2008 Chevrolet Colorado,BrainJudge.co.uk,O+,110.4,50.2,"5' 6""",168,2ee5c5e5-f05f-4286-8566-e523084f9040,52.886063,-3.989344
821,822,female,England/Wales,Ms.,Georgina,E,Charlton,Dobrovského 1521,Kostelec nad Cernými Lesy,ST,Stredoceský kraj,281 63,CZ,Czech Republic,GeorginaCharlton@einrot.com,Himay1981,loquoo6eiPh,"Mozilla/5.0 (Windows NT 10.0; Win64; x64) AppleWebKit/537.36 (KHTML, like Gecko) Chrome/71.0.3578.98 Safari/537.36",738 057 514,420,Randall,8/19/1981,38,Leo,MasterCard,5541848974107473,204,12/2024,,1Z 620 85F 72 3415 085 6,77637793,59747633,Blue,Fish hatchery manager,Sanitary Grocery Stores,2014 Maserati Ghibli,MemorabiliaClub.cz,O+,172.9,78.6,"5' 1""",154,b6df4d3f-3679-4aca-ada5-e7364b3f2ed3,49.965954,14.929863
844,845,male,England/Wales,Mr.,Freddie,S,Whittaker,4908 Leroy Lane,Harold,KY,Kentucky,41635,US,United States,FreddieWhittaker@fleckens.hu,Chem1979,xusah1Yeu,"Mozilla/5.0 (Windows NT 10.0; Win64; x64) AppleWebKit/537.36 (KHTML, like Gecko) Chrome/74.0.3729.157 Safari/537.36",606-223-2212,1,Steele,12/5/1979,40,Sagittarius,Visa,4539527935505473,637,3/2023,405-25-7695,1Z 779 E62 49 3472 009 7,3474634090,86693370,Green,Substance abuse social worker,Flagg Bros. Shoes,2015 Toyota Corolla,kruiseway.com,B+,167.6,76.2,"5' 10""",179,d67d142d-b5d5-47e2-95b3-654a86ee790a,37.514753,-82.579183
855,856,male,England/Wales,Mr.,Freddie,F,Bolton,Rue du Chapy 104,Groot-Loon,VLI,Limburg,3840,BE,Belgium,FreddieBolton@teleworm.us,Onsationg,ier5Phohng,"Mozilla/5.0 (Windows NT 10.0; Win64; x64) AppleWebKit/537.36 (KHTML, like Gecko) Chrome/74.0.3729.131 Safari/537.36",0478 34 30 08,32,Nash,12/24/1967,52,Capricorn,MasterCard,5152930567570026,873,8/2020,,1Z 181 F98 79 1292 980 3,7372069857,72335535,Green,Commercial diver,The Flying Hippo ,1996 Nissan Stagea,SecuritiesMagazine.be,O+,199.8,90.8,"5' 6""",168,9c59e756-8cd2-4790-b0e7-edbd9d8ccc67,50.792168,5.295341
895,896,female,England/Wales,Ms.,Phoebe,L,Cole,Vambola 5,Sõmeru,LV,Lääne-Virumaa,44201,EE,Estonia,PhoebeCole@jourrapide.com,Hictishe,Chahw7ixi,"Mozilla/5.0 (Windows NT 10.0; Win64; x64) AppleWebKit/537.36 (KHTML, like Gecko) Chrome/73.0.3683.103 Safari/537.36",321 1489,372,Shepherd,7/28/1953,66,Leo,MasterCard,5566453791023332,563,11/2022,,1Z 322 092 10 3691 642 1,8562884712,1498998,Blue,Public health dietitian,Sports Unlimited,1999 Lexus RX,CashCover.com.ee,A+,180.2,81.9,"5' 3""",160,42e6ea5c-30bb-4317-a055-7e8e74ba1225,59.265498,26.412833
928,929,male,England/Wales,Mr.,Dominic,M,Alexander,Wilgenlaan 40,Emmer-Compascuum,DR,Drenthe,7881 PT,NL,Netherlands,DominicAlexander@jourrapide.com,Onves1940,soh7Teodahk,"Mozilla/5.0 (Windows NT 6.1; Win64; x64) AppleWebKit/537.36 (KHTML, like Gecko) Chrome/74.0.3729.169 Safari/537.36",06-21456718,31,Barber,11/1/1940,79,Scorpio,Visa,4556314015642585,378,8/2020,,1Z E88 4F7 11 3403 068 7,8834938680,23045335,Green,Environmental chemist,Consumers Food and Drug,2008 Chrysler Pacifica,TanExchange.nl,AB+,149.8,68.1,"5' 4""",162,808b36d8-08ad-4dc7-89a3-b9e3ef48f0d9,52.72511,7.070959
935,936,male,England/Wales,Mr.,Rhys,S,Pearce,Bygget 91,ANNERSTAD,,,340 12,SE,Sweden,RhysPearce@jourrapide.com,Crial2000,Deeshai8k,"Mozilla/5.0 (Windows NT 10.0; Win64; x64) AppleWebKit/537.36 (KHTML, like Gecko) Chrome/64.0.3282.140 Safari/537.36 Edge/18.17763",0372-5610005,46,Harding,8/24/2000,19,Virgo,MasterCard,5142117085638617,771,12/2024,000824-4675,1Z V93 074 72 8290 995 4,1085564359,17865422,Blue,Emergency management specialist,Steak and Ale,2003 Toyota Tundra,SeoSavers.se,A+,153.6,69.8,"6' 2""",187,b2df9959-cf17-4a35-9f04-a16842485fc1,56.671941,13.794653
967,968,female,England/Wales,Ms.,Amber,D,Watson,Dašická 855,Chrudim 3,PA,Pardubický kraj,537 03,CZ,Czech Republic,AmberWatson@rhyta.com,Readion,Uk0eil1ah,"Mozilla/5.0 (Windows NT 6.1; Win64; x64) AppleWebKit/537.36 (KHTML, like Gecko) Chrome/73.0.3683.86 Safari/537.36",464 411 776,420,Payne,10/24/1980,39,Scorpio,Visa,4539577316014603,682,2/2024,,1Z 356 V60 12 4428 656 0,1239609419,70294951,Purple,Shoe and leather worker,Roberd's,2014 Ford F-450 Super Duty,NetCamper.cz,A+,200.9,91.3,"5' 3""",160,3bb5a430-6212-4a3f-af64-43e200d472b9,49.872819,15.76011
982,983,male,England/Wales,Mr.,Ben,M,Whittaker,1177 Briarhill Lane,Youngstown,OH,Ohio,44503,US,United States,BenWhittaker@superrito.com,Whiseson,eeQuae1tokai,"Mozilla/5.0 (X11; Linux x86_64) AppleWebKit/537.36 (KHTML, like Gecko) Ubuntu Chromium/73.0.3683.86 Chrome/73.0.3683.86 Safari/537.36",330-299-6863,1,Fleming,2/16/1953,66,Aquarius,MasterCard,5592599586468161,10,1/2022,272-46-9251,1Z 374 187 90 9986 899 5,2383491402,11643429,Black,Group exercise instructor,Action Auto,1993 Subaru Impreza,yangchunwu.com,AB+,222.0,100.9,"5' 6""",167,cb845469-3340-4b3b-9f2c-0e03a0168d13,41.004199,-80.67821
994,995,male,England/Wales,Mr.,Anthony,A,Gordon,Lundsbjergvej 10,Frederiksberg C,SJ,Region Sjælland,1917,DK,Denmark,AnthonyGordon@cuvox.de,Rearted,oowi9eoLai5,Mozilla/5.0 (Windows NT 10.0; Win64; x64; rv:66.0) Gecko/20100101 Firefox/66.0,21-23-83-89,45,Cox,10/19/1968,51,Libra,MasterCard,5172242331099738,906,1/2024,191068-3213,1Z W43 E06 69 1891 250 5,7897351561,19541475,Blue,Forming machine operator,Sandy's,2001 Audi Avantissimo,SkateOasis.dk,O+,172.9,78.6,"6' 0""",182,d5cb8c16-b3bc-4181-b566-ecf9acce8a09,55.693252,12.502699
1017,1018,female,England/Wales,Ms.,Ava,T,Abbott,263 Xanthoudidou Street,Egkomi,NI,Nicosia,2402,CY,Cyprus (Anglicized),AvaAbbott@rhyta.com,Ther1969,vuolaifaiL8,Mozilla/5.0 (X11; Ubuntu; Linux x86_64; rv:66.0) Gecko/20100101 Firefox/66.0,95 804106,357,Stewart,11/17/1969,50,Scorpio,Visa,4716340869900032,590,9/2021,,1Z 059 943 09 5084 249 7,3827783779,11244183,Green,Horse breeder,Mr. Steak,1996 Renault Fifties,InvestmentRental.com.cy,O+,145.2,66.0,"5' 7""",171,e6408a40-0e5c-4304-b1aa-5a8e4262c342,41.30654,-72.900726
1019,1020,male,England/Wales,Mr.,Joel,N,Sullivan,Avenida Júlio S Dias 94,Maia,PO,Porto,4475-835,PT,Portugal,JoelSullivan@superrito.com,Bescultat,azei1Ahxah,"Mozilla/5.0 (Windows NT 10.0; Win64; x64) AppleWebKit/537.36 (KHTML, like Gecko) Chrome/74.0.3729.131 Safari/537.36",21 226 725 6159,351,Ryan,4/5/1947,72,Aries,Visa,4556063219514096,316,6/2020,,1Z 448 78V 85 3257 549 7,9460130430,29079021,Blue,Education administrator,Coast to Coast Hardware,2012 Honda Pilot,SendSolar.com.pt,AB+,159.3,72.4,"6' 0""",182,33fb0bd2-f0b6-4f81-ac32-46f915a1130b,41.127376,-8.668551
1021,1022,female,England/Wales,Mrs.,Lily,A,Nolan,Eriksbo Västergärde 98,ANGERED,,,424 88,SE,Sweden,LilyNolan@einrot.com,Gailintence,QueiZee1hah,Mozilla/5.0 (X11; Linux x86_64; rv:66.0) Gecko/20100101 Firefox/66.0,031-6632315,46,Gould,4/11/1941,78,Aries,Visa,4929123636840746,685,6/2022,410411-8668,1Z 8W5 995 20 4769 214 6,588708325,27687894,Purple,Executive chef,Hechinger,2009 Volkswagen GTI,BrandingSearch.se,A+,194.5,88.4,"5' 5""",164,c079a5bc-b989-42bb-ac52-b45f1fa7b602,57.757839,12.011025
1045,1046,male,England/Wales,Dr.,Archie,A,Hunt,4698 rue des Églises Est,Matagami,QC,Quebec,J0Y 2A0,CA,Canada,ArchieHunt@jourrapide.com,Cerall,Aim2ug1eihe1,"Mozilla/5.0 (Windows NT 10.0; Win64; x64) AppleWebKit/537.36 (KHTML, like Gecko) Chrome/73.0.3683.103 Safari/537.36",819-739-8770,1,Thorpe,9/1/1937,82,Virgo,MasterCard,5305670540077451,116,11/2020,698 662 012,1Z 612 867 12 2005 528 6,209775552,25921170,Black,Gaming machine servicer,Leonard Krower & Sons,2003 Dodge Dakota,IdentitySwap.ca,A+,202.0,91.8,"5' 7""",171,c4a8a266-59f6-4474-af8e-3f9a2d01169b,49.656264,-77.719757
1052,1053,female,England/Wales,Ms.,Alexandra,J,Wade,238 Broughton Street,Saint Clair,,Dunedin,9012,NZ,New Zealand,AlexandraWade@fleckens.hu,Wrove1937,Toeraiv1pa,Mozilla/5.0 (Windows NT 10.0; Win64; x64; rv:66.0) Gecko/20100101 Firefox/66.0,(026) 2463-815,64,Storey,5/8/1937,82,Taurus,MasterCard,5139676364140772,390,3/2021,,1Z 1E2 F75 29 4963 721 4,5447871936,19045083,Blue,Social scientist,Museum Company,2007 Saturn Sky,ToyActivity.co.nz,B+,136.0,61.8,"5' 6""",168,c24bc0e9-9e2a-4121-8d0a-4bc2aa6ebccd,-45.824269,170.470452
1077,1078,male,England/Wales,Mr.,Harry,C,Sheppard,385 Gemsbok St,Pietersburg,LI,Limpopo,0745,ZA,South Africa,HarrySheppard@teleworm.us,Hicum1935,JoleePoo1Sh,"Mozilla/5.0 (Macintosh; Intel Mac OS X 10_14_3) AppleWebKit/537.36 (KHTML, like Gecko) Chrome/73.0.3683.103 Safari/537.36",085 175 7641,27,Brown,5/7/1935,84,Taurus,Visa,4716617834447953,86,6/2023,3505079886086,1Z A87 281 77 0611 071 0,1154936376,5999586,Blue,Amusement machine servicer,Hugh M. Woods,2004 Opel Combo,AlmostHot.co.za,A+,143.7,65.3,"5' 5""",166,92dba7df-2b76-4940-a1fd-04e5a44e0a6a,-23.866471,29.080278
1138,1139,female,England/Wales,Mrs.,Francesca,J,Freeman,Rua Arapiraca 1943,Teixeira de Freitas,BA,Bahia,45995-619,BR,Brazil,FrancescaFreeman@teleworm.us,Whanterrene42,AM4Epa4aCh,"Mozilla/5.0 (Windows NT 10.0; Win64; x64) AppleWebKit/537.36 (KHTML, like Gecko) Chrome/74.0.3729.131 Safari/537.36",(73) 4746-3459,55,Griffiths,2/21/1942,77,Pisces,Visa,4556691489817847,926,1/2021,226.499.028-76,1Z 5W4 E25 81 6086 727 5,976229509,63200979,Red,Lobbyist,Beefsteak Charlie's,2004 McLaren F1,BargainWash.com.br,O+,226.2,102.8,"5' 2""",158,62f32fea-4fe8-4d73-9ff3-1982d402759d,-17.300859,-39.909595
1178,1179,male,England/Wales,Mr.,Alexander,I,Douglas,Ööbiku 51,Loopre,JN,Jõgevamaa,48211,EE,Estonia,AlexanderDouglas@armyspy.com,Spither,aitaix1Aic,"Mozilla/5.0 (Windows NT 10.0; Win64; x64) AppleWebKit/537.36 (KHTML, like Gecko) Chrome/73.0.3683.103 Safari/537.36",778 0203,372,French,12/21/1972,47,Sagittarius,Visa,4539723541378922,799,4/2020,,1Z 610 E97 60 4939 692 0,2623560053,15543774,Blue,"Molding, coremaking, and casting machine tender",Enrich Garden Services,2015 Audi RS 5,TripBrowser.com.ee,AB+,195.8,89.0,"5' 10""",177,b39af34d-76d4-4c88-9305-02f716672846,58.607619,25.746129
1191,1192,male,England/Wales,Mr.,Lewis,L,West,Celso Emilio Ferreiro 32,Remolinos,Z,Zaragoza,50637,ES,Spain,LewisWest@dayrep.com,Sinve1941,Aequ3oaWohZ,"Mozilla/5.0 (Windows NT 6.1; Win64; x64) AppleWebKit/537.36 (KHTML, like Gecko) Chrome/73.0.3683.103 Safari/537.36",682 127 921,34,Arnold,12/5/1941,78,Sagittarius,MasterCard,5131949205368185,944,2/2021,,1Z E43 489 25 1355 362 0,8534738052,2853481,Green,Detention officer,Kids Mart,2012 Honda CR-Z,BuySearches.es,O-,224.6,102.1,"5' 10""",177,2bcef866-53e4-466c-82a4-e393ec8dadb1,41.912358,-1.072625
1195,1196,female,England/Wales,Ms.,Abby,M,Holloway,Rua Bananeira 835,Teresina,PI,Piauí,64016-655,BR,Brazil,AbbyHolloway@rhyta.com,Extob1980,Pohkeeg4aef,"Mozilla/5.0 (Windows NT 10.0; Win64; x64) AppleWebKit/537.36 (KHTML, like Gecko) Chrome/73.0.3683.103 Safari/537.36",(86) 2515-9269,55,Fraser,3/25/1980,39,Aries,MasterCard,5421266909452648,596,1/2021,853.447.052-98,1Z 316 93V 03 5362 407 3,466811994,28950214,Green,Publicity agent,Xray Eye & Vision Clinics,2012 Bentley Continental Supersports,TaxHiking.com.br,O+,167.2,76.0,"5' 2""",158,3432557c-c882-41c8-86e9-3471c465a671,-5.315305,-42.794884
1198,1199,male,England/Wales,Mr.,Josh,S,Hayward,49 Frome Place,Strowan,,Christchurch,8052,NZ,New Zealand,JoshHayward@teleworm.us,Scablevoled,ein8aQui,Mozilla/5.0 (Windows NT 10.0; WOW64; Trident/7.0; rv:11.0) like Gecko,(028) 3880-662,64,Martin,3/25/1971,48,Aries,Visa,4556126285144641,11,10/2020,,1Z 347 18A 79 5381 275 5,2339309703,15924727,Blue,Respiratory care practitioner,County Market,1999 Lotus Elise,ShoppingMeter.co.nz,A+,159.3,72.4,"5' 11""",181,2934df3d-57d2-42fe-a8c0-a5a0d62e74b3,-43.528389,172.575875
1219,1220,male,England/Wales,Mr.,Joshua,J,Lewis,Pierre Delannoyplaats 373,Esen,VWV,West Flanders,8600,BE,Belgium,JoshuaLewis@gustr.com,Pinkin,nie9Itoh8,"Mozilla/5.0 (Windows NT 6.1; WOW64) AppleWebKit/537.36 (KHTML, like Gecko) Chrome/73.0.3683.86 YaBrowser/19.4.0.2397 Yowser/2.5 Safari/537.36",0493 85 39 77,32,Cooke,8/2/1978,41,Leo,Visa,4916048888510330,880,7/2023,,1Z 259 928 78 8324 048 0,5320528463,7308562,Green,Gaming change person,Food Mart,2005 De Tomaso Pantera,ContactWire.be,B-,165.7,75.3,"5' 10""",178,a34b5dda-8780-47a2-86c4-6fddf8116086,51.188211,2.878909
1292,1293,male,England/Wales,Mr.,Toby,M,West,19 Delan Road,KOLONGA,QLD,Queensland,4671,AU,Australia,TobyWest@armyspy.com,Dawas1964,pie2gieT,Mozilla/5.0 (Windows NT 10.0; Win64; x64; rv:66.0) Gecko/20100101 Firefox/66.0,(07) 3599 9940,61,Hooper,11/2/1964,55,Scorpio,MasterCard,5359022937250645,242,7/2024,,1Z 671 138 21 3305 837 4,4547826707,28016823,Blue,Customer service representative,Good Guys,1993 Bristol Blenheim,SodaFlavor.com.au,O+,141.0,64.1,"5' 11""",181,61344a48-ca8e-499d-8b45-000119967e61,-25.055235,151.680427
1311,1312,male,England/Wales,Dr.,Morgan,P,Fowler,2103 Venture Place,Kinuso,AB,Alberta,T0G 1K0,CA,Canada,MorganFowler@einrot.com,Thempailoved,wahsh8mooK,"Mozilla/5.0 (Windows NT 10.0; Win64; x64) AppleWebKit/537.36 (KHTML, like Gecko) Chrome/74.0.3729.157 Safari/537.36",780-775-0277,1,Collier,1/19/1947,72,Capricorn,MasterCard,5287275079263258,334,6/2022,736 684 366,1Z 5F8 475 75 0436 099 8,7394386133,73503548,Blue,Editor,Sun Television and Appliances,1995 Lancia Dedra,DollNursery.ca,B+,144.3,65.6,"5' 6""",168,817fca48-4a6e-44d6-92ae-670fc78b6646,55.367393,-115.378747
1315,1316,female,England/Wales,Ms.,Aimee,G,Spencer,De Zwarte Ruiter 193,Amersfoort,UT,Utrecht,3824 XA,NL,Netherlands,AimeeSpencer@jourrapide.com,Youghts,shaiV0ae,"Mozilla/5.0 (Windows NT 10.0; Win64; x64) AppleWebKit/537.36 (KHTML, like Gecko) Chrome/74.0.3729.131 Safari/537.36",06-93941926,31,Williams,12/21/1944,75,Sagittarius,MasterCard,5295979196052987,796,5/2021,,1Z 099 099 69 9578 312 3,3033017586,77948949,Green,Gas pumping station operator,Rich and Happy,2006 Renault Modus,GumSearch.nl,O+,161.7,73.5,"5' 5""",165,7f76c6e7-54fc-49f9-a6b2-9e29f3fa0df9,52.195966,5.260082
1334,1335,female,England/Wales,Ms.,Louise,H,Gordon,1679 Albert St,Germiston,GA,Gauteng,1419,ZA,South Africa,LouiseGordon@fleckens.hu,Therip,Eihai9cie,Mozilla/5.0 (Windows NT 6.1; Win64; x64; rv:66.0) Gecko/20100101 Firefox/66.0,083 766 8481,27,Singh,9/5/1963,56,Virgo,Visa,4929763009661953,741,3/2020,6309051579083,1Z E20 954 37 9966 681 0,7947621347,65817859,Red,Animator,ManPower,2011 Holden Barina,SodaFlavors.co.za,B+,164.8,74.9,"5' 7""",171,ef702123-641b-4f67-8784-60220c76b362,-26.176711,28.189126
1377,1378,male,England/Wales,Mr.,Leon,J,Davies,Eyrarodda 66,Flateyri,,,425,IS,Iceland,LeonDavies@einrot.com,Olawkway,cha5viex6Ei,Mozilla/5.0 (Macintosh; Intel Mac OS X 10.14; rv:66.0) Gecko/20100101 Firefox/66.0,450 0043,354,Herbert,11/29/1944,75,Sagittarius,Visa,4716685027831069,514,11/2024,,1Z 755 955 27 8238 611 9,6854304198,76685253,Blue,Judiciary translator,Fireball,1995 Toyota MR2,FlavorBlog.is,O+,175.8,79.9,"6' 0""",182,3e148e99-4a14-4e60-a5d7-5751a3121fdf,66.07411,-23.427085
1380,1381,male,England/Wales,Dr.,Ewan,C,Richards,ul. Chrzanowska 61,Poznań,,,61-323,PL,Poland,EwanRichards@einrot.com,Beter1973,Iath0yie7,"Mozilla/5.0 (Macintosh; Intel Mac OS X 10_14_4) AppleWebKit/537.36 (KHTML, like Gecko) Chrome/73.0.3683.103 Safari/537.36",72 614 60 22,48,Hewitt,10/9/1973,46,Libra,MasterCard,5595608075668061,392,10/2022,73100902613,1Z 885 529 02 4250 966 2,8419814165,7013334,Blue,Talking-books clerk,Choices,2005 Toyota 105,RecycleRoad.pl,A-,175.8,79.9,"5' 11""",181,3692246f-dbcf-4104-a38c-6c94254bc38a,52.377298,17.005486
1415,1416,male,England/Wales,Mr.,Aidan,Z,Reid,Bedřicha Smetany 405,Kutná Hora 1,ST,Stredoceský kraj,284 01,CZ,Czech Republic,AidanReid@armyspy.com,Feliter,Jukai9ma2,"Mozilla/5.0 (Macintosh; Intel Mac OS X 10_14_4) AppleWebKit/537.36 (KHTML, like Gecko) Chrome/74.0.3729.131 Safari/537.36",724 070 417,420,Holmes,12/2/1945,74,Sagittarius,MasterCard,5307689362119645,109,5/2022,,1Z 529 90A 08 4216 863 3,63556578,96665625,Blue,Zoologist,Magik Lamp,2010 Daihatsu Charade,MaidNews.cz,O+,133.1,60.5,"5' 5""",164,d587ea9a-6588-4581-b818-d5d4971c618a,49.988168,15.25807
1431,1432,male,England/Wales,Mr.,Ewan,M,Myers,4308 Morris Street,Seguin,TX,Texas,78155,US,United States,EwanMyers@jourrapide.com,Farome,ag0eeQuies,Mozilla/5.0 (Windows NT 10.0; Win64; x64; rv:66.0) Gecko/20100101 Firefox/66.0,830-372-0026,1,Cole,11/13/1990,29,Scorpio,Visa,4716229191642703,276,10/2020,633-26-1150,1Z 246 Y21 14 4081 286 5,6776166932,63244873,Red,Die maker,A. L. Price,2004 Citroen Xsara,sistemancia.com,A+,228.6,103.9,"6' 0""",182,75d5593b-5eb2-4adb-9c2a-f6a866fa22eb,29.581766,-97.981192
1436,1437,male,England/Wales,Mr.,Joe,N,Macdonald,214 Pavlou Drandaki,Leivadia,LA,Larnaca,7060,CY,Cyprus (Anglicized),JoeMacdonald@armyspy.com,Oress1962,eQuah7woo,"Mozilla/5.0 (Macintosh; Intel Mac OS X 10_13_6) AppleWebKit/605.1.15 (KHTML, like Gecko) Version/11.1.2 Safari/605.1.15",97 494681,357,Short,10/23/1962,57,Scorpio,Visa,4929605678150281,466,11/2022,,1Z 012 02A 34 5102 938 0,6630000969,8048339,Blue,Audio-visual collections specialist,AdventureSports!,1997 Vauxhall Astra,ComparePet.com.cy,O+,174.5,79.3,"5' 10""",179,879f32f2-5e79-4722-a09e-e7134b16d9a8,41.277873,-72.953866
1440,1441,male,England/Wales,Mr.,Reece,A,Ellis,Dalbraut 99,Króksfjarðarnes,,,380,IS,Iceland,ReeceEllis@armyspy.com,Terent,Rie3CeeC1Qu,"Mozilla/5.0 (Windows NT 6.1; Win64; x64) AppleWebKit/537.36 (KHTML, like Gecko) Chrome/74.0.3729.108 Safari/537.36",414 7713,354,May,4/26/1950,69,Taurus,MasterCard,5445007039737215,237,8/2020,,1Z 772 728 63 4942 163 1,4544618619,60465268,Blue,Essayist,Kiddie City,1996 BMW 332,LocatorExpress.is,B+,200.6,91.2,"5' 4""",163,f2a5f2f5-9c3d-4cdc-854b-615c106865ff,64.210252,-22.011091
1444,1445,male,England/Wales,Mr.,Jay,M,Pearce,Höfðagata 39,Keflavíkurflugvöllur,,,235,IS,Iceland,JayPearce@superrito.com,Univelf,shee3ieZoh1,"Mozilla/5.0 (X11; Linux x86_64) AppleWebKit/537.36 (KHTML, like Gecko) Chrome/74.0.3729.157 Safari/537.36",449 9694,354,Morris,4/20/1977,42,Taurus,Visa,4539343967640612,366,8/2020,,1Z 273 71V 32 0740 701 6,1101755157,31223259,Blue,Dressing room attendant,Electronic Geek,2009 Mercedes-Benz CLS,PhoneStatistics.is,B+,173.4,78.8,"6' 0""",183,4d14fa51-25f8-4a36-ad2b-57ee9c53f4d5,63.933809,-22.49618
1515,1516,female,England/Wales,Ms.,Jodie,J,Ashton,Tavcarjeva 25,Škofije,,,6281,SI,Slovenia,JodieAshton@jourrapide.com,Thoo1957,ohV3eiphu,"Mozilla/5.0 (Windows NT 6.2; WOW64) AppleWebKit/537.36 (KHTML, like Gecko) Chrome/68.0.3440.106 Safari/537.36",051-363-821,386,Farrell,12/8/1957,62,Sagittarius,Visa,4539584092410401,902,12/2023,,1Z 633 904 61 5353 520 6,6455672258,54019402,Green,Woodworking machine tender,Weingarten's,1998 Chrysler Viper,WindowModel.si,A+,219.3,99.7,"5' 6""",167,f3c23681-ba8c-4753-8c3c-ff37e11ffa09,45.601995,13.731959
1537,1538,male,England/Wales,Mr.,Lewis,A,Abbott,Schuepisstrasse 18,Hueb,,,8498,CH,Switzerland,LewisAbbott@teleworm.us,Yethat,liu7phooDai,Mozilla/5.0 (Windows NT 6.1; rv:60.0) Gecko/20100101 Firefox/60.0,052 558 89 71,41,Murray,10/19/1960,59,Libra,Visa,4929074168687387,553,11/2021,,1Z 976 528 19 0975 015 9,8396984239,17353350,Blue,Audio control engineer,Noodle Kidoodle,2003 Opel Speedster,DirectoryExpo.ch,B+,147.4,67.0,"5' 7""",171,51c58f77-a5fc-4e78-8db5-b221f90055c0,47.219752,8.912517
1592,1593,female,England/Wales,Ms.,Madison,N,Gallagher,2698 Middleville Road,El Monte,CA,California,91731,US,United States,MadisonGallagher@superrito.com,Lung1965,eeX7being,"Mozilla/5.0 (Macintosh; Intel Mac OS X 10_13_6) AppleWebKit/537.36 (KHTML, like Gecko) Chrome/74.0.3729.131 Safari/537.36",626-416-2218,1,Parkin,2/10/1965,54,Aquarius,MasterCard,5257949381953113,456,4/2023,620-66-7695,1Z Y03 14W 13 1218 883 7,596144198,69494257,Red,"Crushing, grinding, and polishing machine operator",Price's Electronics,2008 Ferrari 599,greengrowshop.com,B+,140.1,63.7,"5' 2""",158,b3f3e05d-aaad-4747-b483-905f934ba951,34.171055,-117.991426
1694,1695,male,England/Wales,Mr.,Jamie,E,Pratt,R Fontainhas 53,Ervidel,BE,Beja,7600-246,PT,Portugal,JamiePratt@jourrapide.com,Yesing,aquuZ2aexee,"Mozilla/5.0 (Windows NT 10.0; Win64; x64) AppleWebKit/537.36 (KHTML, like Gecko) Chrome/71.0.3578.98 Safari/537.36 OPR/58.0.3135.132",21 284 698 2548,351,Cartwright,7/4/1936,83,Cancer,MasterCard,5110318685898167,785,5/2020,,1Z 232 219 56 5299 666 6,3286506163,72571854,Blue,Talking-books clerk,Integra Investment Plan,2007 Mazda MazdaSpeed6,SpoolDirect.com.pt,O+,193.4,87.9,"5' 10""",179,1d9183ca-4e3b-4b42-9d97-dcaf18c7dda7,37.924492,-8.162836
1720,1721,male,England/Wales,Mr.,Patrick,G,Sharpe,Industriestraat 133,Denderleeuw,VOV,East Flanders,9470,BE,Belgium,PatrickSharpe@jourrapide.com,Creatil,ehu9Mie5Ie,"Mozilla/5.0 (Windows NT 10.0; Win64; x64) AppleWebKit/537.36 (KHTML, like Gecko) Chrome/74.0.3729.157 Safari/537.36",0475 94 43 66,32,Marshall,6/4/1947,72,Gemini,MasterCard,5248732988123195,19,6/2022,,1Z 783 V64 73 8946 103 6,7503516129,22313131,Blue,Employment service specialist,Chi-Chi's,2007 Suzuki Jimny,ViralSquad.be,A+,157.5,71.6,"5' 8""",173,e5f972bb-8488-4b9e-a330-4ddd2abce625,50.815295,4.160406
1760,1761,female,England/Wales,Mrs.,Ava,F,Briggs,Prinsenstraat 329,Lubbeek,VBR,Flemish Brabant,3210,BE,Belgium,AvaBriggs@superrito.com,Guemon,Iac3bau2oo,Mozilla/5.0 (Windows NT 10.0; Win64; x64; rv:67.0) Gecko/20100101 Firefox/67.0,0496 27 16 26,32,Fuller,9/3/1959,60,Virgo,Visa,4916542701862019,529,1/2023,,1Z 182 02F 21 6056 894 4,3359876463,81388746,Green,Mathematical statistician,Eisner Food Stores,1997 Kia Sephia,DiningDoc.be,AB+,186.3,84.7,"5' 2""",158,c888fd52-d070-45e4-8688-9c4f64eab003,50.828466,4.82328
1801,1802,female,England/Wales,Mrs.,Maisie,B,Griffiths,Ctra. de Fuentenueva 29,Prádena del Rincón,M,Madrid,28191,ES,Spain,MaisieGriffiths@jourrapide.com,Vinge1971,Ielai7SaeNg,"Mozilla/5.0 (Windows NT 10.0; Win64; x64) AppleWebKit/537.36 (KHTML, like Gecko) Chrome/73.0.3683.103 Safari/537.36",743 439 995,34,O'Neill,2/11/1971,48,Aquarius,MasterCard,5199807081286740,565,2/2023,,1Z 246 090 89 8475 807 2,4802917624,43581305,Purple,Mental health aide,Dave Cooks,2001 Isuzu Axiom,BuildHer.es,A+,176.2,80.1,"5' 3""",159,9ca1c626-d986-4881-b335-4142f4d353f3,41.150381,-3.531722
1828,1829,female,England/Wales,Mrs.,Lauren,C,Andrews,Sorlaskeid 32,Hafnafjörður,,,220,IS,Iceland,LaurenAndrews@cuvox.de,Taill1984,Aitigh8Ash,"Mozilla/5.0 (Macintosh; Intel Mac OS X 10_11_6) AppleWebKit/537.36 (KHTML, like Gecko) Chrome/73.0.3683.103 Safari/537.36",448 7482,354,Connolly,10/31/1984,35,Scorpio,MasterCard,5445640820501414,784,12/2020,,1Z 800 5Y4 14 7954 102 4,1853107531,56704740,Blue,Water transportation master,Tons O' Toys,2002 Isuzu Axiom,P2PStreet.is,O+,138.6,63.0,"5' 9""",174,bc8d8c2c-5600-4b3b-b0da-e3047faae7ed,63.973959,-21.921409
1841,1842,male,England/Wales,Mr.,James,L,Law,Zistelweg 59,UNTERLINDEN,KA,Carinthia,9111,AT,Austria,JamesLaw@fleckens.hu,Hatevesserom,aeQueph1eiph,"Mozilla/5.0 (Windows NT 10.0; Win64; x64) AppleWebKit/537.36 (KHTML, like Gecko) Chrome/74.0.3729.131 Safari/537.36",0664 121 30 48,43,Ashton,6/2/1951,68,Gemini,Visa,4916450909906184,574,8/2020,,1Z 306 702 96 6133 300 1,8830959989,11505639,Green,Telemarketer,Galyan's,2008 Ferrari 612,RetirementSeeker.at,O+,155.5,70.7,"5' 5""",164,92c38992-bb2f-42c4-bc99-1cccb3016799,46.780601,14.73743
1845,1846,female,England/Wales,Mrs.,Nicole,J,Hussain,Αμαλίας 28,ΣΤΡΟΒΟΛΟΣ,NI,Λευκωσία,2007,CY,Cyprus (Greek),NicoleHussain@teleworm.us,Anhemys,kid7youxu8Ai,Mozilla/5.0 (Windows NT 6.1; rv:60.0) Gecko/20100101 Firefox/60.0,99 698333,357,Carey,7/15/1977,42,Cancer,Visa,4485987780999169,738,10/2022,,1Z 188 Y69 50 2913 222 9,1450070218,95363684,Silver,Operations analyst,Buttrey Food & Drug,2009 Hyundai Atos,CardiologyDirectory.com.cy,O+,157.5,71.6,"5' 6""",168,b17f740a-1782-4ae1-b723-db2fab192ee8,41.313696,-72.950232
1865,1866,male,England/Wales,Mr.,Christopher,A,Sims,173 Raycroft Street,Woolston,,Christchurch,8023,NZ,New Zealand,ChristopherSims@gustr.com,Fied1960,aipohghuL8,"Mozilla/5.0 (Windows NT 10.0; Win64; x64) AppleWebKit/537.36 (KHTML, like Gecko) Chrome/74.0.3729.131 Safari/537.36",(021) 0706-939,64,Barrett,2/5/1960,59,Aquarius,Visa,4485074437301337,256,11/2020,,1Z Y79 292 26 7639 883 9,9951004287,40579032,Blue,Environmental technician,National Lumber,1998 Bentley Azure,LouisvillePage.co.nz,O+,243.5,110.7,"5' 9""",174,a96e2145-d6fe-4af3-a43e-57f6d7339997,-43.614917,172.748553
1871,1872,male,England/Wales,Mr.,Noah,R,Wade,Norrbyvägen 41,MYNÄMÄKI,VS,Varsinais-Suomi,23100,FI,Finland,NoahWade@jourrapide.com,Hadoestabut,yuk3eeNi5eo,"Mozilla/5.0 (Windows NT 10.0; Win64; x64) AppleWebKit/537.36 (KHTML, like Gecko) Chrome/74.0.3729.131 Safari/537.36",046 208 7909,358,Warner,3/27/1947,72,Aries,Visa,4716975962968640,108,10/2020,270347-293D,1Z 953 219 22 3722 274 0,3491251483,24003375,Green,U.S. Secret Service special agent,Grey Fade,2006 Acura CSX,PodcastOriginals.fi,B+,144.5,65.7,"5' 10""",177,62e61ed9-d3f8-4882-8505-f5f46719e064,60.689305,22.028114
1874,1875,female,England/Wales,Ms.,Erin,I,Booth,286 N. Nikodimou Street,Karamoullides,PA,Paphos,8851,CY,Cyprus (Anglicized),ErinBooth@superrito.com,Therter00,aip9MaGhee,"Mozilla/5.0 (Macintosh; Intel Mac OS X 10_14_3) AppleWebKit/537.36 (KHTML, like Gecko) Chrome/73.0.3683.103 Safari/537.36",26 942463,357,O'Sullivan,12/30/2000,19,Capricorn,Visa,4916282061850441,373,11/2024,,1Z 431 585 85 0310 496 0,8833400221,47653413,Black,Rental manager,Mervyn's,2004 Honda Z,GuestResidence.com.cy,A+,157.5,71.6,"5' 6""",168,b23e8b55-8fab-4621-9f70-3847a91cf15a,41.374752,-72.96439
1897,1898,female,England/Wales,Mrs.,Kiera,L,Evans,4146 Port Washington Road,Crowsnest Pass,AB,Alberta,T0K 0E0,CA,Canada,KieraEvans@gustr.com,Selinglese,Cee7daeweeph,"Mozilla/5.0 (Windows NT 6.2; WOW64) AppleWebKit/537.36 (KHTML, like Gecko) Chrome/68.0.3440.106 Safari/537.36",403-563-1660,1,Conway,6/25/1952,67,Cancer,Visa,4716157452038289,374,12/2020,144 897 642,1Z 748 06A 99 5826 558 0,3157103094,31681714,Blue,Staff development director,Afforda Merchant Services,2002 Jeep Willys 2,TravelLesson.ca,A+,215.4,97.9,"4' 11""",151,8e3bb6a2-49a4-4721-8a77-86cde12ee165,49.599727,-114.44919
1914,1915,female,England/Wales,Dr.,Katie,E,Miles,Parmova 24,Mavčiče,,,4211,SI,Slovenia,KatieMiles@dayrep.com,Frosigh37,IeF3Aiw1oot,"Mozilla/5.0 (Windows NT 10.0; Win64; x64) AppleWebKit/537.36 (KHTML, like Gecko) Chrome/71.0.3578.98 Safari/537.36 OPR/58.0.3135.132",031-529-449,386,Reid,4/19/1937,82,Aries,MasterCard,5474777722935250,189,12/2020,,1Z 659 042 38 1871 721 6,6113848075,7940591,Blue,Museum director,Magna Architectural Design,1998 Panoz Q9,Gymville.si,O+,201.1,91.4,"5' 4""",162,ae924b69-052d-4d1e-90c8-13b88f8f9d3f,46.10314,14.456841
1977,1978,female,England/Wales,Mrs.,Gracie,R,Marsh,Rua Arédio Borges Guimarães 1935,Itumbiara,GO,Goiás,75534-030,BR,Brazil,GracieMarsh@armyspy.com,Anguesse,Aig9ahc6F,"Mozilla/5.0 (Windows NT 10.0; Win64; x64) AppleWebKit/537.36 (KHTML, like Gecko) Chrome/74.0.3729.131 Safari/537.36",(64) 3882-8660,55,O'Connor,4/25/1958,61,Taurus,Visa,4929988619187939,345,8/2024,300.189.151-32,1Z 192 315 49 3069 213 1,668879373,9911275,Green,Maxillofacial surgeon,Avant Garde Appraisal,2014 GMC Yukon,GamingProblem.com.br,A+,168.3,76.5,"5' 4""",163,86f32f4c-9e8d-4fa6-858b-3d5dda45a7b7,-18.383148,-49.501971
1980,1981,male,England/Wales,Dr.,Finley,M,Fry,Zellersacker 113,Nijmegen,GE,Gelderland,6546 HH,NL,Netherlands,FinleyFry@dayrep.com,Itell1985,AeFie9ae,Mozilla/5.0 (Windows NT 6.1; Win64; x64; rv:66.0) Gecko/20100101 Firefox/66.0,06-75154989,31,Kerr,6/7/1985,34,Gemini,Visa,4916501737917064,326,2/2023,,1Z 246 17V 66 5253 136 8,5699212481,51399348,Green,Telecommunications equipment installer,Rickel,2004 Ford Econoline,SendThoughts.nl,O+,204.4,92.9,"5' 11""",180,99e9575f-f93d-4a55-b8ab-264bec3deee3,51.897929,5.951298
2001,2002,female,England/Wales,Mrs.,Sophia,A,Anderson,Gewerbezentrum 19,STEIN,KA,Carinthia,9772,AT,Austria,SophiaAnderson@dayrep.com,Lifforess2000,Ohr8veiNg,"Mozilla/5.0 (Windows NT 10.0; Win64; x64) AppleWebKit/537.36 (KHTML, like Gecko) Chrome/73.0.3683.103 Safari/537.36",0664 334 28 67,43,Mann,9/3/2000,19,Virgo,Visa,4929774687208967,904,7/2020,,1Z 646 180 99 9157 886 2,9044128569,66451047,Blue,Real estate appraiser,Stop N Shop,2006 Citroen C1,SweatBag.at,O+,143.7,65.3,"5' 3""",160,8ac1fba1-8390-4f82-affa-493e1fd5ab44,46.746391,13.045498
2044,2045,female,England/Wales,Ms.,Demi,J,Hammond,73 Rue Rousseau,Cite Garde Nationale,81,Governorate Gabes,6080,TN,Tunisia,DemiHammond@rhyta.com,Wiced1950,iekiCau3Th,"Mozilla/5.0 (Windows NT 10.0; Win64; x64) AppleWebKit/537.36 (KHTML, like Gecko) Chrome/74.0.3729.131 Safari/537.36",75 574 324,216,Lambert,10/21/1950,69,Libra,MasterCard,5143683903977627,621,10/2021,,1Z 106 646 74 4160 021 8,3923886334,35842066,Blue,Mold and model maker,H.C. Bohack,1993 Chevrolet Blazer,TelevisionDisplays.tn,B+,122.5,55.7,"5' 2""",157,eb294265-6926-4da2-a9c4-22925e311111,36.41422,9.270125
2090,2091,female,England/Wales,Dr.,Maisie,A,Rees,Ladbyvej 84,Padborg,SY,Region Syddanmark,6330,DK,Denmark,MaisieRees@superrito.com,Imeling,iNgah7Ie,Mozilla/5.0 (Windows NT 6.1; WOW64; rv:66.0) Gecko/20100101 Firefox/66.0,50-49-54-42,45,Kennedy,7/3/1964,55,Cancer,MasterCard,5365502916750436,979,5/2023,030764-3030,1Z 808 18W 53 9602 377 2,656872741,7563823,Purple,Personal and home care aide,Realty Depot,2009 Acura MDX,BuildVehicle.dk,A+,136.6,62.1,"5' 4""",162,3c96da9b-3822-470a-a5af-1f24e4bf4f60,54.750782,9.350789
2093,2094,male,England/Wales,Mr.,Harrison,E,Barnes,ul. Saturna 91,Białystok,,,15-680,PL,Poland,HarrisonBarnes@fleckens.hu,Firessin,AeZemaec2,Mozilla/5.0 (X11; Ubuntu; Linux x86_64; rv:66.0) Gecko/20100101 Firefox/66.0,88 227 57 30,48,Bolton,10/12/1988,31,Libra,MasterCard,5250485706002341,390,8/2020,88101286592,1Z 137 476 17 4346 817 2,5085961281,51082682,Green,In home service professional,Waves Music,2002 Opel Concept M,CreditQuarterly.pl,B+,148.9,67.7,"5' 6""",168,128821eb-3980-4cdb-a795-81c239225d97,53.047838,23.095984
2123,2124,male,England/Wales,Mr.,Joseph,K,Farmer,P.O. Box 253,Aasiaat,QA,Qaasuitsup,3950,GL,Greenland,JosephFarmer@fleckens.hu,Prought,Yohv1aew4th,"Mozilla/5.0 (Windows NT 10.0; Win64; x64) AppleWebKit/537.36 (KHTML, like Gecko) Chrome/73.0.3683.103 Safari/537.36",89 97 11,299,French,1/22/1937,82,Aquarius,Visa,4532512095119981,319,10/2023,,1Z 040 5F3 87 6280 249 4,514370483,85365534,Blue,Weathercaster,Tradewell,2008 SsangYong Kyron,DomainThemes.gl,B+,199.8,90.8,"5' 4""",163,79ebfe75-f5ac-44cf-9eac-041dff10c1ec,68.681271,-52.800556
2158,2159,male,England/Wales,Mr.,Rhys,J,Talbot,Kopfhölzistrasse 95,Lausanne,,,1002,CH,Switzerland,RhysTalbot@jourrapide.com,Hinse1996,aeg9eiQu,Mozilla/5.0 (Windows NT 6.1; rv:60.0) Gecko/20100101 Firefox/60.0,021 821 37 16,41,Kent,3/26/1996,23,Aries,MasterCard,5115929559400446,68,1/2023,,1Z 142 487 37 2977 885 4,3568475541,38674900,Green,Dinkey operator,Helios Air,2014 Lincoln Navigator,SubReactor.ch,O+,216.3,98.3,"6' 2""",187,8299df40-a2f5-4ee5-880d-862b9c499134,46.464558,6.570963
2160,2161,male,England/Wales,Mr.,Kieran,C,Hale,79 Forrest Hill Road,Castor Bay,,North Shore,0620,NZ,New Zealand,KieranHale@einrot.com,Butemord,Die4Eeg2Oo,Mozilla/5.0 (Windows NT 10.0; Win64; x64; rv:66.0) Gecko/20100101 Firefox/66.0,(020) 5464-189,64,Cunningham,4/22/1965,54,Taurus,Visa,4556328873423326,502,8/2023,,1Z 006 5V5 63 4072 856 5,2982358451,45078402,Green,Public address system announcer,The Wiz,2012 Renault Symbol,MightyReward.co.nz,O+,164.6,74.8,"6' 0""",184,904da793-6d5a-4121-a67a-cb202d1b7f99,-36.853957,174.782356
2191,2192,male,England/Wales,Mr.,Aidan,M,Macdonald,Heuvenstraat 82,Zonhoven,VLI,Limburg,3520,BE,Belgium,AidanMacdonald@armyspy.com,Werat1951,sheiZ5shi,"Mozilla/5.0 (Macintosh; Intel Mac OS X 10_14_5) AppleWebKit/537.36 (KHTML, like Gecko) Chrome/74.0.3729.131 Safari/537.36",0475 18 01 64,32,Higgins,11/25/1951,68,Sagittarius,MasterCard,5126914762944718,974,3/2020,,1Z V82 153 93 4782 962 2,2576864460,75899999,Silver,Pesticide vegetation,Joshua Doore,1997 Tatra T700,ChemicalPaper.be,O+,221.5,100.7,"5' 9""",174,a4f6fc5a-a063-41df-9d0e-9926ea011622,50.902266,5.364453
2195,2196,female,England/Wales,Mrs.,Alice,J,Townsend,76 Matatua Road,Paraparaumu,,Kapiti Coast,5032,NZ,New Zealand,AliceTownsend@cuvox.de,Guall1993,Aiph2Iec,"Mozilla/5.0 (Macintosh; Intel Mac OS X 10_13_6) AppleWebKit/605.1.15 (KHTML, like Gecko) Version/12.1 Safari/605.1.15",(022) 7181-808,64,Law,10/17/1993,26,Libra,Visa,4485717090832176,448,12/2020,,1Z 3E5 E15 25 0017 668 8,7317539982,43378021,Purple,Costume attendant,Vinyl Fever,1994 Seat Toledo,GeekProgram.co.nz,A+,197.6,89.8,"5' 3""",159,28752c7d-dbdc-4757-a0f9-b83d8914da41,-40.91268,175.047702
2233,2234,female,England/Wales,Ms.,Isabelle,L,Bentley,Via delle Viole 81,Palazzo D'Arcevia,AN,Ancona,60010,IT,Italy,IsabelleBentley@armyspy.com,Ealow1994,eew9Yei8p,Mozilla/5.0 (Windows NT 6.1; rv:60.0) Gecko/20100101 Firefox/60.0,0318 4417896,39,Hawkins,10/1/1994,25,Libra,Visa,4716917718509757,421,11/2020,UI8656001,1Z 17V 2Y8 77 3831 207 2,379241829,6567898,Green,Industrial-organizational psychologist,Handy Andy Home Improvement Center,2004 Holden Vectra,AutomobileRetailer.it,B+,150.5,68.4,"5' 7""",170,5ddf8cdc-765d-46f5-a58e-0d02a2bdf01a,43.575264,13.156836
2242,2243,male,England/Wales,Mr.,William,F,Bevan,Luige tee 10,Kehra,HA,Harjumaa,74306,EE,Estonia,WilliamBevan@rhyta.com,Befordow,fohnaem3Ei,"Mozilla/5.0 (Windows NT 10.0; Win64; x64) AppleWebKit/537.36 (KHTML, like Gecko) Chrome/74.0.3729.131 Safari/537.36",686 0886,372,Dale,12/1/1977,42,Sagittarius,MasterCard,5521409263523484,758,7/2024,,1Z 067 493 37 0308 348 7,8488122326,16062628,White,Flight engineer,The Polka Dot Bear Tavern,1996 Honda S-MX,JudoChat.com.ee,O+,251.7,114.4,"6' 0""",182,b1618dbb-df1a-46f1-a8ab-78275656efe8,59.30695,25.253218
2272,2273,male,England/Wales,Mr.,Alex,M,Duffy,4966 Bond Street,Warwick,RI,Rhode Island,02887,US,United States,AlexDuffy@einrot.com,Bove1996,go6nahj3Ei,"Mozilla/5.0 (Windows NT 10.0; Win64; x64) AppleWebKit/537.36 (KHTML, like Gecko) Chrome/74.0.3729.157 Safari/537.36",401-734-7119,1,Clayton,4/12/1996,23,Aries,MasterCard,5196070360381368,395,9/2024,039-66-4814,1Z 72E 000 85 2359 030 7,3834949905,27114521,Green,Meeting director,Penn Fruit,2004 Buick Century,hyooman.com,B+,222.6,101.2,"6' 3""",190,3c88542a-f2b6-47f9-9b19-1f64850c7f68,41.619311,-71.413458
2281,2282,female,England/Wales,Dr.,Millie,B,Jarvis,Gewerbepark 45,OBERHÖRNBACH,OO,Upper Austria,4352,AT,Austria,MillieJarvis@teleworm.us,Petly1955,ieKi8ud7Sh,"Mozilla/5.0 (Windows NT 10.0; Win64; x64) AppleWebKit/537.36 (KHTML, like Gecko) Chrome/74.0.3729.131 Safari/537.36",0688 735 06 37,43,Wong,6/17/1955,64,Gemini,MasterCard,5150642511528537,757,12/2020,,1Z 730 E49 33 8627 169 3,2520300071,60994215,Blue,Government auditor,Hit or Miss,2010 Renault Thalia,ProtectionPoker.at,O+,213.4,97.0,"5' 3""",160,f339ff8c-5306-4068-bf97-3cf0a1169f79,48.149378,14.841806
2283,2284,male,England/Wales,Mr.,John,A,Elliott,Melum 64,Finnbogastaðir,,,523,IS,Iceland,JohnElliott@jourrapide.com,Huntooke1934,nahjoo6OhWah,"Mozilla/5.0 (Windows NT 10.0; Win64; x64) AppleWebKit/537.36 (KHTML, like Gecko) Chrome/74.0.3729.131 Safari/537.36",412 5182,354,Harrison,3/24/1934,85,Aries,MasterCard,5511496186692308,539,5/2023,,1Z 84Y 16A 11 8538 625 8,6777221353,10168767,Green,Refractory materials repairer,Grey Fade,2014 Volvo XC90,ElectronicHangman.is,O+,200.2,91.0,"5' 7""",171,aa835135-2dc1-4eab-ab31-7bcaab852cb4,66.086972,-21.425594
2292,2293,male,England/Wales,Mr.,Tyler,N,Stewart,76 College Avenue,Dayton,OH,Ohio,45459,US,United States,TylerStewart@armyspy.com,Gree1946,yoow7Soo,"Mozilla/5.0 (Windows NT 10.0; Win64; x64) AppleWebKit/537.36 (KHTML, like Gecko) Chrome/74.0.3729.157 Safari/537.36",937-434-3032,1,Bentley,1/15/1946,73,Capricorn,Visa,4929418007117405,959,7/2020,286-70-9907,1Z 687 92A 16 0046 174 8,4307056641,89307184,Green,Civil service clerk,"Sounds Great, Inc",2006 Buick Rendezvous,eabjmlille.com,B+,190.5,86.6,"6' 0""",183,1a31e44a-8d66-4c5b-95c1-e0d29a55b698,39.650595,-84.189521
2310,2311,male,England/Wales,Mr.,Henry,M,Wall,Árpád fejedelem útja 28.,Budapest,BU,Budapest,1173,HU,Hungary,HenryWall@dayrep.com,Woutiornow,aelai4Zee5v,"Mozilla/5.0 (Windows NT 10.0; Win64; x64) AppleWebKit/537.36 (KHTML, like Gecko) Chrome/73.0.3683.103 Safari/537.36",(1) 501-3830,36,Parry,9/16/1977,42,Virgo,Visa,4539647688586080,597,8/2024,,1Z 859 111 75 6175 559 0,8399374584,68942971,Blue,Distribution clerk,Profitpros,1998 Ferrari 355 Spider,InternetEnthusiasts.hu,O+,169.2,76.9,"5' 7""",171,bdcf086f-5c04-4fd1-86ac-d367a5d46774,47.472438,19.048522
2322,2323,female,England/Wales,Ms.,Alisha,K,Hope,R Rampa Alta 115,Cortinhas,PO,Porto,4635-115,PT,Portugal,AlishaHope@jourrapide.com,Prould90,eizeech7aR,"Mozilla/5.0 (Windows NT 10.0; Win64; x64) AppleWebKit/537.36 (KHTML, like Gecko) Chrome/73.0.3683.103 Safari/537.36",21 223 621 5146,351,Hopkins,9/22/1990,29,Virgo,Visa,4929948239489495,962,1/2022,,1Z 380 718 96 5121 405 5,8418953159,3420026,Black,Portfolio manager,Acuserv,2015 FIAT 500,CakeDeveloper.com.pt,O-,117.0,53.2,"5' 1""",155,f52fa3c9-13da-47a1-8307-8e6267644252,41.223144,-8.485245
2335,2336,female,England/Wales,Dr.,Abbie,J,Johnston,Strepestraat 143,Labuissière,WLX,Luxembourg,6567,BE,Belgium,AbbieJohnston@cuvox.de,Proich76,vaib5Fahth,"Mozilla/5.0 (Macintosh; Intel Mac OS X 10_14_4) AppleWebKit/537.36 (KHTML, like Gecko) Chrome/74.0.3729.131 Safari/537.36",0477 49 14 00,32,Watkins,11/10/1976,43,Scorpio,Visa,4916196486545396,513,5/2024,,1Z V71 061 15 7472 338 1,1648662224,32005468,Blue,INS agent,Sherman's,2014 Porsche Boxster,TopPreference.be,A+,156.0,70.9,"5' 4""",163,1c2b2991-7ab1-4362-b0b2-01d23046d4be,50.242463,4.158631
2342,2343,male,England/Wales,Mr.,Elliot,L,Osborne,Dalmatinova 108,Zavrč,,,2283,SI,Slovenia,ElliotOsborne@superrito.com,Forescon67,boow4fameW,"Mozilla/5.0 (Macintosh; Intel Mac OS X 10_14_4) AppleWebKit/537.36 (KHTML, like Gecko) Chrome/73.0.3683.103 Safari/537.36",070-098-596,386,Williams,2/5/1967,52,Aquarius,MasterCard,5364346501436345,925,12/2024,,1Z 539 V56 39 0472 407 5,4015638738,72806662,Blue,INS agent,G.I. Joe's,1999 Volkswagen Bora,HandymanRating.si,O+,204.8,93.1,"5' 6""",167,bd4413c2-b1e3-4c7f-ab94-ff7fc0238ab0,46.457343,16.013786
2371,2372,female,England/Wales,Ms.,Emily,L,Kay,Mühle 94,Schuders,,,7228,CH,Switzerland,EmilyKay@superrito.com,Lizintacer,lae4ibu6Zow,"Mozilla/5.0 (Macintosh; Intel Mac OS X 10_14_4) AppleWebKit/537.36 (KHTML, like Gecko) Chrome/74.0.3729.131 Safari/537.36",081 273 30 84,41,Murray,5/11/1946,73,Taurus,MasterCard,5509339531094917,463,3/2024,,1Z 125 017 52 2522 108 9,4622716623,57744490,Orange,Tool grinder,Lechters Housewares,2001 Toyota Highlander,IdeaBulletin.ch,O+,208.1,94.6,"5' 1""",154,6da88432-8824-4395-8a2a-ef2819204c86,46.988742,9.718701
2467,2468,female,England/Wales,Mrs.,Jennifer,J,Reid,54 Boorie Road,GORDONBROOK,QLD,Queensland,4610,AU,Australia,JenniferReid@superrito.com,Questurnight,EeV6xungi5A,"Mozilla/5.0 (Windows NT 10.0; Win64; x64) AppleWebKit/537.36 (KHTML, like Gecko) Chrome/71.0.3578.98 Safari/537.36 OPR/58.0.3135.132",(07) 4550 6193,61,Parker,3/30/1963,56,Aries,Visa,4929936964768720,506,7/2022,,1Z 8F4 436 59 8037 435 4,8311743614,1894827,Red,Oral hygienist,Garden Guru,1992 Italdesign Columbus,GoalForum.com.au,B+,168.3,76.5,"5' 5""",165,e951793e-130a-4d71-974a-f90469a01fab,-26.585556,151.570777
2481,2482,male,England/Wales,Mr.,Joel,S,Mahmood,170 London Place,Brookfield,,Tauranga,3110,NZ,New Zealand,JoelMahmood@fleckens.hu,Bart1958,EiW6Aumoh,Mozilla/5.0 (Macintosh; Intel Mac OS X 10.14; rv:66.0) Gecko/20100101 Firefox/66.0,(026) 6735-024,64,Peacock,3/12/1958,61,Pisces,MasterCard,5560428186315259,760,8/2022,,1Z A99 F12 16 0847 642 1,6456588635,91967341,Orange,Specialist,Monk Home Funding Services,2012 Land Rover Defender,CriticCrunch.co.nz,A+,185.5,84.3,"6' 0""",184,c6cd9439-e128-4965-86c4-c6cdc29271c0,-37.70595,176.078725
2507,2508,male,England/Wales,Mr.,Harvey,M,Leach,Lindenstrasse 40,ALT-DIETMANNS,NO,Lower Austria,3813,AT,Austria,HarveyLeach@superrito.com,Acquamen,seque3Soo,"Mozilla/5.0 (Macintosh; Intel Mac OS X 10_14_4) AppleWebKit/605.1.15 (KHTML, like Gecko) Version/12.1 Safari/605.1.15",0664 741 66 91,43,Davison,5/24/1995,24,Gemini,Visa,4485447546437277,841,9/2023,,1Z 94W 866 56 8393 297 2,397940568,98349324,Blue,Information architect,Sun Foods,2005 Ferrari 612,AvailableRingtones.at,O+,126.9,57.7,"5' 6""",167,3480d4a9-a5e7-46f1-bc6c-c5c17693b499,48.835075,15.434519
2561,2562,male,England/Wales,Mr.,Morgan,T,Garner,65 R. Mongi Bali,Dhouibette,43,Governorate Sidi Bouzid,9116,TN,Tunisia,MorganGarner@rhyta.com,Andereagen,eeh8Johsiesh,Mozilla/5.0 (Windows NT 10.0; Win64; x64; rv:66.0) Gecko/20100101 Firefox/66.0,76 538 584,216,Gallagher,1/3/1997,22,Capricorn,Visa,4532354065172173,597,8/2022,,1Z 157 205 44 8011 055 5,2722600551,84312022,Black,PBX operator,Two Pesos,1993 BMW M3,BareIQ.tn,A+,190.7,86.7,"5' 6""",168,71f52846-84f9-42b5-a371-25fcb042e00e,37.057635,9.602297
2610,2611,male,England/Wales,Mr.,Isaac,L,Morrison,ul. Miła 57,Rzeszów,,,35-314,PL,Poland,IsaacMorrison@einrot.com,Dever1945,phuNge5phaa,"Mozilla/5.0 (Windows NT 10.0; Win64; x64) AppleWebKit/537.36 (KHTML, like Gecko) Chrome/74.0.3729.131 Safari/537.36",79 885 06 96,48,Hartley,8/3/1945,74,Leo,Visa,4716716142444601,391,5/2023,45080388859,1Z 150 4F5 77 3811 194 8,5173288325,56375499,Blue,Environmental scientist,Little Tavern,1999 Toyota 4Runner,SalaryStart.pl,AB+,168.3,76.5,"5' 10""",178,ae06a1b0-76d8-42c3-a4c5-528cbd9f90b5,49.962008,21.968676
2636,2637,male,England/Wales,Mr.,John,K,Cole,Evertsmaad 72,Oosterwolde,FR,Friesland,8431 TC,NL,Netherlands,JohnCole@superrito.com,Flord1975,quiuS4eeth,"Mozilla/5.0 (Windows NT 10.0; Win64; x64) AppleWebKit/537.36 (KHTML, like Gecko) Chrome/74.0.3729.157 Safari/537.36",06-73694604,31,Heath,4/12/1975,44,Aries,Visa,4929176934045160,841,4/2023,,1Z 395 161 38 4929 845 0,897724850,73133225,Black,Account clerk,Tradewell,2009 Chevrolet Epica,MedicPlant.nl,A+,196.7,89.4,"5' 10""",179,05d0894e-f2e3-40a6-b78c-7d52e525ba9c,53.027112,6.275786
2648,2649,male,England/Wales,Mr.,Hayden,R,Lyons,ul. Grabowa 112,Tarnowskie Góry,,,42-609,PL,Poland,HaydenLyons@teleworm.us,Forand,da3ieD8e,"Mozilla/5.0 (Macintosh; Intel Mac OS X 10_13_6) AppleWebKit/537.36 (KHTML, like Gecko) Chrome/73.0.3683.103 Safari/537.36",72 734 13 01,48,Newman,9/17/1944,75,Virgo,MasterCard,5314003691624179,313,11/2021,44091730598,1Z 91Y 114 51 6347 487 5,6099765360,25427017,Blue,Toolmaker,Solution Realty,2004 BMW 760,ExcellentCoupons.pl,B-,135.3,61.5,"5' 4""",163,209d27d3-846e-49f3-af7e-c204f75cf3b7,50.432061,18.919525
2649,2650,male,England/Wales,Mr.,Louie,S,Sharp,Kooli 83,Urevere,RA,Raplamaa,78120,EE,Estonia,LouieSharp@superrito.com,Poods1958,iKaexot3s,"Mozilla/5.0 (Macintosh; Intel Mac OS X 10_13_6) AppleWebKit/537.36 (KHTML, like Gecko) Chrome/74.0.3729.157 Safari/537.36",482 6348,372,Cross,7/10/1958,61,Cancer,MasterCard,5593803211035679,852,10/2020,,1Z 567 204 59 7849 907 5,8446342627,5906029,Blue,Public health social worker,Pender's Food Stores,2002 Fiat Seicento,MusicTeasers.com.ee,O+,216.3,98.3,"5' 8""",173,2fecbfcf-c91b-4a47-bb27-2010fc500bee,58.782418,24.298276
2653,2654,male,England/Wales,Mr.,Anthony,M,Conway,Reiseñor 75,Talavera de la Reina,TO,Toledo,45600,ES,Spain,AnthonyConway@dayrep.com,Annert,ie9CeiDoug,"Mozilla/5.0 (X11; Linux x86_64) AppleWebKit/537.36 (KHTML, like Gecko) Chrome/74.0.3729.131 Safari/537.36",758 717 256,34,Hobbs,3/5/1980,39,Pisces,Visa,4556035347049427,509,7/2023,,1Z 035 228 93 7582 621 1,9778400468,95763758,Blue,HIV/AIDS nurse,Audio Aid,2004 Suzuki Liana,WorkDashboard.es,AB+,196.0,89.1,"5' 8""",172,42b71272-5476-4b96-a1d1-11f7f9c7d190,39.890768,-4.834891
2667,2668,female,England/Wales,Mrs.,Keira,E,Forster,Tavcarjeva 73,Selca,,,4227,SI,Slovenia,KeiraForster@rhyta.com,Clame1951,voidu9la3Ah,"Mozilla/5.0 (Windows NT 6.2; WOW64) AppleWebKit/537.36 (KHTML, like Gecko) Chrome/68.0.3440.106 Safari/537.36",070-073-058,386,Walker,1/2/1951,68,Capricorn,Visa,4539455337169294,520,2/2020,,1Z 386 953 97 8733 616 7,2491299311,84434464,Yellow,First responder,Sound Advice,1998 Mitsubishi Space Runner,MormonRules.si,B+,143.2,65.1,"5' 2""",157,57fb76ef-2ab8-4454-9514-b8b566f79e0c,46.216591,14.221282
2674,2675,male,England/Wales,Mr.,Jake,L,Johnston,R Padre António Vieira 9,Lagos,FA,Faro,8600-327,PT,Portugal,JakeJohnston@dayrep.com,Entle1977,eizieWae0g,"Mozilla/5.0 (Windows NT 10.0; Win64; x64) AppleWebKit/537.36 (KHTML, like Gecko) Chrome/73.0.3683.103 Safari/537.36",21 289 813 2994,351,Hyde,9/23/1977,42,Libra,Visa,4485589078343637,127,11/2022,,1Z 5W2 E56 44 7043 974 5,5927491065,76048644,Green,Tile installer,Richman Brothers,2012 Chrysler Town & Country,FinancialFunk.com.pt,B-,227.5,103.4,"6' 0""",184,b8e3a48f-65c2-4345-8739-3522f29c7be4,37.094686,-8.608524
2750,2751,male,England/Wales,Mr.,Kieran,G,Foster,Avenida 25 Abril 41,Pinheiro,VI,Viseu,3505-297,PT,Portugal,KieranFoster@fleckens.hu,Hopearabits,Bo9Oash3ph,"Mozilla/5.0 (Windows NT 6.1; Win64; x64) AppleWebKit/537.36 (KHTML, like Gecko) Chrome/74.0.3729.157 Safari/537.36",21 232 466 4621,351,Potts,3/12/1955,64,Pisces,Visa,4916386199865906,824,9/2024,,1Z 669 73W 99 3054 012 1,694872094,19006191,Black,Manufacturers,EnviroSource Design,1992 Fiat Vivace,JewelryExec.com.pt,A+,205.7,93.5,"5' 10""",179,a8231db4-5e1d-4544-9272-2353c862d685,40.831326,-7.868542
2796,2797,male,England/Wales,Mr.,Kian,G,Brennan,Krummnussbaum Dub 37,WALD,NO,Lower Austria,3144,AT,Austria,KianBrennan@armyspy.com,Themp1962,ofah8caeb7Ah,Mozilla/5.0 (Windows NT 10.0; Win64; x64; rv:66.0) Gecko/20100101 Firefox/66.0,0664 369 95 61,43,Francis,6/2/1962,57,Gemini,MasterCard,5356669544311526,503,6/2022,,1Z 650 E51 86 0272 496 8,6809818801,13650502,Blue,Companion,Liberal,2007 Aston Martin V8 Vantage,PlumberMagazine.at,B+,220.0,100.0,"5' 7""",171,b079a342-fb08-426d-969f-10187fe29e43,48.170894,15.623395
2908,2909,female,England/Wales,Mrs.,Emily,D,Sanderson,Rua D 25,Santa Luzia,MG,Minas Gerais,33082-270,BR,Brazil,EmilySanderson@jourrapide.com,Wiforece1947,li4ri5Ah,"Mozilla/5.0 (Windows NT 10.0; Win64; x64) AppleWebKit/537.36 (KHTML, like Gecko) Chrome/74.0.3729.131 Safari/537.36",(31) 8777-7852,55,Birch,6/14/1947,72,Gemini,Visa,4716759428796278,637,11/2023,392.804.360-90,1Z 224 207 11 8447 146 1,3809191619,63205109,Blue,Geriatric nurse,Merrymaking,2004 Oldsmobile Silhouette,RoulettePays.com.br,B-,197.8,89.9,"5' 5""",165,fb364640-c0b6-4839-a324-82f4b13de686,-19.798492,-43.91684
2917,2918,male,England/Wales,Mr.,Spencer,A,Hobbs,Søndre Havnevej 65,Bevtoft,SY,Region Syddanmark,6541,DK,Denmark,SpencerHobbs@superrito.com,Magas1969,ainuPh5deich,"Mozilla/5.0 (Windows NT 10.0; Win64; x64) AppleWebKit/537.36 (KHTML, like Gecko) Chrome/74.0.3729.131 Safari/537.36",50-65-71-16,45,Stephens,11/2/1969,50,Scorpio,MasterCard,5189027963624502,321,12/2024,021169-2413,1Z 7F9 031 42 3459 509 4,3502945299,52442619,Blue,Avionics technician,Eli Moore Inc,2014 Audi A8,HDTVGame.dk,AB+,186.6,84.8,"5' 6""",167,b271c95a-c4ff-46e5-ab0f-3759cf87ae6d,55.151648,9.187094
2928,2929,male,England/Wales,Mr.,Jamie,N,Lyons,Riddersporen 1,STAVANGER,,,4022,NO,Norway,JamieLyons@einrot.com,Betheraine1943,aC5aitoey,Mozilla/5.0 (Windows NT 6.1; Win64; x64; rv:66.0) Gecko/20100101 Firefox/66.0,927 70 139,47,Banks,8/25/1943,76,Virgo,Visa,4556409347398805,401,1/2024,,1Z 096 W05 76 0135 268 7,6143665543,18266590,Blue,PBX operator,Murray's Discount Auto Stores,2000 Mercedes-Benz S,BikerMonthly.no,O-,163.2,74.2,"5' 10""",179,9a4fecbd-dd37-4b56-a6cc-14ee7d212b23,58.974235,5.635001
2956,2957,female,England/Wales,Ms.,Kate,M,Begum,Ringvej 240,Qaqortoq,KU,Kujalleq,3920,GL,Greenland,KateBegum@fleckens.hu,Trece1939,jiG4thohRei,"Mozilla/5.0 (Macintosh; Intel Mac OS X 10_14_4) AppleWebKit/537.36 (KHTML, like Gecko) Chrome/74.0.3729.131 Safari/537.36",66 31 35,299,Morrison,6/28/1939,80,Cancer,Visa,4485320621273927,25,4/2023,,1Z 45W 0W0 39 3179 712 0,5204002319,20123301,Blue,Administrative leader,Al's Auto Parts,2009 Dodge Sprinter,GamingFly.gl,A+,105.6,48.0,"5' 2""",158,1b11e5c6-2eb0-4479-98bf-52488492ce55,60.758753,-45.9688
2972,2973,male,England/Wales,Mr.,Leo,G,Gardiner,Costanera 1898,Puntas de Valdés,SJ,San José,80006,UY,Uruguay,LeoGardiner@fleckens.hu,Raiddece70,ahP2udaeLoh,Mozilla/5.0 (Windows NT 10.0; WOW64; Trident/7.0; rv:11.0) like Gecko,9124 4004,598,Roberts,2/18/1970,49,Aquarius,Visa,4532572288120717,427,1/2020,,1Z 31Y 416 38 2171 277 6,533452671,31557837,Blue,Railroad brake operator,One-Up Realtors,2008 BMW 650,EmploymentCar.uy,O+,227.0,103.2,"6' 1""",185,f19bcf10-18c6-4377-9efb-695763fbf34e,-32.742263,-55.938416
2975,2976,male,England/Wales,Mr.,Tom,S,Leonard,Letališka 34,Izola,,,6310,SI,Slovenia,TomLeonard@superrito.com,Momyce1953,cal8leJoiDeehei,Mozilla/5.0 (Macintosh; Intel Mac OS X 10.11; rv:66.0) Gecko/20100101 Firefox/66.0,031-035-132,386,Walsh,2/25/1953,66,Pisces,MasterCard,5207695885237294,101,12/2022,,1Z 126 0A5 95 6103 952 8,3061420176,20202007,Silver,Gastroenterologist,Mr. Steak,2004 Toyota Avalon,MemorabiliaMart.si,A+,158.2,71.9,"5' 10""",178,fb1f351e-9e48-4d1e-a0c0-f1f958c9c11e,45.609695,13.584255
2991,2992,male,England/Wales,Mr.,Taylor,Z,Burns,72 Insignia Way,FEYSVILLE,WA,Western Australia,6431,AU,Australia,TaylorBurns@fleckens.hu,Chattent1978,Iga4goshee,"Mozilla/5.0 (Windows NT 10.0; Win64; x64) AppleWebKit/537.36 (KHTML, like Gecko) Chrome/73.0.3683.103 Safari/537.36",(08) 9082 2881,61,Law,2/26/1978,41,Pisces,Visa,4556077366492815,391,2/2020,,1Z 212 224 98 2761 880 4,2979176856,2619676,Blue,Photographic processing machine operator,Red Fox Tavern,1998 Dodge Stealth,KosherCutlery.com.au,A+,242.4,110.2,"6' 2""",187,65489c72-513b-47a3-ad8b-e29b7e674c33,-30.718598,123.86912
